City_ID,City,Country,Max Temp,Weather Description,Lat,Lng,Hotel Name
0,Mataura,NZ,56.48,clear sky,-46.1927,168.8643,Ellie's Villa
1,Jaisalmer,IN,81.09,clear sky,26.9147,70.9181,Hotel Fifu
2,Ushuaia,AR,49.66,scattered clouds,-54.8,-68.3,Albatross Hotel
3,Rikitea,PF,72.25,clear sky,-23.1203,-134.9692,People ThankYou
4,Awka,NG,71.47,overcast clouds,6.2101,7.0741,Best Western Meloch Hotel
5,Piuma,BR,73.67,clear sky,-20.8378,-40.7219,Pi√∫ma Praia Hotel
6,Lebu,CL,54.55,clear sky,-37.6167,-73.65,Hostal Las Lilas
7,Kapit,MY,71.78,overcast clouds,2.0167,112.9333,Hotel Meligai Kapit
8,Nicoya,CR,79.02,overcast clouds,10.1483,-85.452,Las Cabinas Del Sue√±o
9,Uden,NL,55.53,overcast clouds,51.6568,5.6126,Fletcher Hotel-Restaurant Teugel Uden-Veghel
10,Gambela,ET,74.46,overcast clouds,8.25,34.5833,Solomon Debebe Hotel
11,Steamboat Springs,US,67.33,clear sky,40.485,-106.8317,Steamboat Grand
13,Kahului,US,87.82,scattered clouds,20.8947,-156.47,Maui Seaside Hotel
14,Port Blair,IN,79.56,broken clouds,11.6667,92.75,"Welcomhotel By ITC Hotels, Bay Island, Port Blair"
15,Hobart,AU,52.27,broken clouds,-42.8794,147.3294,St Ives Hobart Accommodation Tasmania
16,Lazaro Cardenas,MX,83.98,light rain,17.9583,-102.2,HOTEL QUINTA ANTIGUA
17,Georgetown,MY,80.24,scattered clouds,5.4112,100.3354,Cititel Penang
19,Yellowknife,CA,36.12,broken clouds,62.456,-114.3525,The Explorer Hotel
20,Sitka,US,49.89,broken clouds,57.0531,-135.33,Westmark Sitka
22,Havoysund,NO,43.03,scattered clouds,70.9963,24.6622,Arctic View Glamping & Restaurant
23,Eureka,US,60.26,clear sky,40.8021,-124.1637,Eureka Inn Trademark By Wyndham
24,Chlorakas,CY,68.88,scattered clouds,34.8042,32.4083,Elysium Hotel
25,Samana,DO,86.22,few clouds,19.2056,-69.3369,The Bannister - Hotel & Yacht Club
26,La Ronge,CA,48.42,scattered clouds,55.1001,-105.2842,Northland Motor Hotel
27,Cabo San Lucas,MX,89.62,clear sky,22.8909,-109.9124,Hotel Tesoro Los Cabos
28,East London,ZA,65.35,light rain,-33.0153,27.9116,Tu Casa
29,Srandakan,ID,76.26,overcast clouds,-7.9386,110.2506,Puri Brata
30,Puerto Ayora,EC,75.16,overcast clouds,-0.7393,-90.3518,Finch Bay Galapagos Hotel
31,Lewiston,US,64.92,light rain,44.1003,-70.2148,Hilton Garden Inn Auburn Riverwatch
32,Busselton,AU,47.07,clear sky,-33.65,115.3333,Observatory Guest House
33,Yar-Sale,RU,40.44,overcast clouds,66.8333,70.8333,Yalemd
34,Saint-Philippe,RE,67.59,scattered clouds,-21.3585,55.7679,Le four √† pain
35,Kaitangata,NZ,52.41,clear sky,-46.2817,169.8464,Kaitangata Motor Camp
36,Bambous Virieux,MU,71.85,scattered clouds,-20.3428,57.7575,Casa Tia Villa
37,Necochea,AR,52.09,clear sky,-38.5473,-58.7368,dyd -mar Hotel
38,Torbay,CA,54.5,few clouds,47.6666,-52.7314,Gallows Cove
39,Atar,MR,89.02,scattered clouds,20.5169,-13.0499,Oumou Elghoura
40,Victoria,HK,78.33,scattered clouds,22.2855,114.1577,Mini Central
42,Carnarvon,AU,65.03,clear sky,-24.8667,113.6333,Hospitality Carnarvon
43,Oriximina,BR,88.72,broken clouds,-1.7656,-55.8661,Pousada Tia Am√©lia
44,Yulara,AU,61.52,overcast clouds,-25.2406,130.9889,Desert Gardens Hotel - Ayers Rock Resort
45,New Norfolk,AU,51.93,overcast clouds,-42.7826,147.0587,The Shingles Riverside Cottages
46,Ngunguru,NZ,57.29,broken clouds,-35.6167,174.5,Pacific Rendezvous Motel Resort
47,Poronaysk,RU,42.37,overcast clouds,49.2167,143.1167,Avtovokzal Khostel Stolovaya
48,Mehamn,NO,35.55,broken clouds,71.0357,27.8492,Mehamn Arctic Hotel AS
49,Punta Alta,AR,61.54,clear sky,-38.8759,-62.0736,Center Hotel Punta Alta
50,Westport,US,69.06,clear sky,41.1415,-73.3579,The Westport Inn
52,Garhi Yasin,PK,71.62,clear sky,27.9069,68.511,Hashmi Guest House
53,Port Elizabeth,ZA,61.32,light rain,-33.918,25.5701,39 On Nile Guest House
55,Kodiak,US,47.71,overcast clouds,57.79,-152.4072,Best Western Kodiak Inn
56,Mandera,KE,80.74,broken clouds,3.9366,41.867,Red Sea Resort & Suites Mandera County
58,Abu Zabad,SD,82.13,scattered clouds,12.35,29.25,ÿ≠ÿßŸÖÿØ ŸÖÿ≠ŸÖÿØ ŸÜŸàÿ±
59,Souillac,MU,71.98,scattered clouds,-20.5167,57.5167,Shanti Maurice Resort & Spa
60,Inhambane,MZ,70.27,clear sky,-23.865,35.3833,Oceano
61,Leshukonskoye,RU,40.1,overcast clouds,64.8989,45.7622,Pryalitsa Hostel
64,Pangnirtung,CA,30.2,overcast clouds,66.1451,-65.7125,Kilabuk Lodge
65,Tigil,RU,34.57,snow,57.8,158.6667,Tigil'
66,Tacarigua,VE,82.44,broken clouds,10.0862,-67.9198,Posada Tacarigua C.A.
67,Port Augusta,AU,54.12,clear sky,-32.5,137.7667,Majestic Oasis Apartments
68,Katsuura,JP,70.68,overcast clouds,35.1333,140.3,Katsuura Hotel Mikazuki
69,Boden,SE,41.0,overcast clouds,65.8252,21.6886,Quality Hotel Bodensia
70,Kloulklubed,PW,75.7,light rain,7.0419,134.2556,Storyboard Beach Resort
73,Atuona,PF,77.16,light rain,-9.8,-139.0333,Villa Enata
74,Arraial Do Cabo,BR,75.06,few clouds,-22.9661,-42.0278,Pousada Porto Praia
75,Punta Arenas,CL,53.71,clear sky,-53.15,-70.9167,Hotel Hain
76,Butaritari,KI,81.79,overcast clouds,3.0707,172.7902,Isles Sunset Lodge
77,Bluff,NZ,56.8,clear sky,-46.6,168.3333,Bluff Homestead - Guesthouse & Campervan Park
78,Cape Town,ZA,61.27,few clouds,-33.9258,18.4232,"Radisson Blu Hotel Waterfront, Cape Town"
79,Mahebourg,MU,71.89,scattered clouds,-20.4081,57.7,Shandrani Beachcomber Resort & Spa
80,Nikolskoye,RU,48.09,overcast clouds,59.7035,30.7861,Tourist House - Sablino
81,Sao Gabriel Da Cachoeira,BR,78.01,overcast clouds,-0.1303,-67.0892,Alarne - √Årea De Lazer Do Alto Rio Negro
82,Yazd,IR,69.91,clear sky,31.8972,54.3675,Mozaffar Traditional Hotel
83,Nanortalik,GL,31.87,clear sky,60.1432,-45.2371,Hotel Kap Farvel
84,Cidreira,BR,60.85,overcast clouds,-30.1811,-50.2056,Hotel Castelo
85,Pisco,PE,68.05,clear sky,-13.7,-76.2167,Hotel San Isidro Oficial
86,Na Wa,TH,64.49,light rain,17.4897,104.1006,‡∏£‡πâ‡∏≤‡∏ô‡∏ä‡πà‡∏≤‡∏á‡πÄ‡∏à‡∏°‡∏™‡πå ‡∏™‡πÅ‡∏ï‡∏ô‡πÄ‡∏•‡∏™ ‡∏õ‡∏£‡∏∞‡∏ï‡∏π ‡∏≠‡∏∑‡πà‡∏ô‡πÜ ‡∏Ñ‡∏≠‡∏Å‡∏ã‡∏¥‡πà‡∏á ‡∏ô‡∏≤‡∏´‡∏ß‡πâ‡∏≤‡∏ô‡∏Ñ‡∏£‡∏û‡∏ô‡∏°
87,Vaini,TO,80.76,few clouds,-21.2,-175.2,Keleti Beach Resort
88,Hithadhoo,MV,81.0,few clouds,-0.6,73.0833,Scoop Guest House
89,Ketchikan,US,57.18,mist,55.3422,-131.6461,Snow's Cove Lodge
90,Castro,BR,60.13,moderate rain,-24.7911,-50.0119,CHACARA BAILLY
91,Touros,BR,78.04,clear sky,-5.1989,-35.4608,INN NEW HORIZON
92,Changtu,CN,49.23,clear sky,42.7788,124.0955,Ming Yang Inn
95,Kupang,ID,77.99,overcast clouds,-10.1667,123.5833,Hotel On The Rock by Prasanthi
96,High Level,CA,44.71,few clouds,58.5169,-117.136,Days Inn by Wyndham High Level
97,Quiniput,PH,75.11,overcast clouds,7.1783,122.221,Lei's Resort
98,Cockburn Town,TC,84.16,scattered clouds,21.4612,-71.1419,Osprey Beach Hotel
99,Narsaq,GL,30.42,clear sky,60.9167,-46.05,Sleep In Narsaq
100,Port Alfred,ZA,62.19,light rain,-33.5906,26.891,The Halyards Hotel & Spa
101,San Quintin,MX,69.93,few clouds,30.4833,-115.95,Don Eddie's Sport Fishing Center
102,Ponta Do Sol,PT,73.0,overcast clouds,32.6667,-17.1,Hotel do Campo
103,Kaeo,NZ,59.32,scattered clouds,-35.1,173.7833,Bushido Lodge
104,Chuy,UY,55.72,few clouds,-33.6971,-53.4616,Nuevo Hotel Plaza
106,Bolobo,CD,72.27,moderate rain,-2.1667,16.2333,Hotel de Stephen
107,Pacific Grove,US,69.21,overcast clouds,36.6177,-121.9166,Lovers Point Inn
108,Progreso,MX,87.12,light rain,21.2833,-89.6667,Playa Linda Hotel
109,Tarpon Springs,US,89.11,scattered clouds,28.1461,-82.7568,"Innisbrook, A Salamander Golf and Spa Resort"
110,Hermanus,ZA,58.8,overcast clouds,-34.4187,19.2345,Misty Waves Boutique Hotel
111,Glen Ellyn,US,60.55,clear sky,41.8775,-88.067,"Crowne Plaza Lombard Downers Grove, an IHG Hotel"
112,Lorengau,PG,82.74,overcast clouds,-2.0226,147.2712,Lorengau Harbourside Hotel
113,Turukhansk,RU,30.61,overcast clouds,65.8167,87.9833,"–û–û–û ""–¢—É—Ä—É—Ö–∞–Ω—Å–∫–∞—è –ø—É—à–Ω–∏–Ω–∞"""
114,Maumere,ID,79.16,overcast clouds,-8.6199,122.2111,Sylvia Hotel
115,Inongo,CD,72.25,light rain,-1.95,18.2667,Hotel Du Lac
116,Emerald,AU,68.34,few clouds,-23.5333,148.1667,Emerald Inn
117,Port-Gentil,GA,75.16,thunderstorm with light rain,-0.7193,8.7815,Fengshui Residence
119,Riyadh,SA,77.14,clear sky,24.6877,46.7219,"InterContinental Riyadh, an IHG Hotel"
121,Gigmoto,PH,78.91,clear sky,13.7796,124.39,Cj's Travellers Inn
122,Sebring,US,87.51,clear sky,27.4956,-81.4409,La Quinta Inn & Suites by Wyndham Sebring
123,Mango,US,89.19,overcast clouds,27.9797,-82.3065,Hilton Garden Inn Tampa East/Brandon
124,Reconquista,AR,76.14,clear sky,-29.15,-59.65,Grand Hotel
125,Ribeira Grande,PT,68.77,broken clouds,38.5167,-28.7,Quinta da Meia Eira
126,Kavaratti,IN,81.25,broken clouds,10.5669,72.642,Green leaf
127,Sabang,ID,81.12,overcast clouds,5.8933,95.3214,Hotel Citra
129,Karpogory,RU,41.4,overcast clouds,64.0019,44.4451,Hotel Pinezhskaya Sloboda
130,Espanola,US,77.59,clear sky,35.9911,-106.0806,Santa Claran Hotel Casino
132,Ajdabiya,LY,74.26,clear sky,30.7554,20.2263,Almadina Hotel
133,Alta Floresta,BR,82.54,broken clouds,-9.8756,-56.0861,Floresta Amazonica Hotel
134,Itarema,BR,79.03,scattered clouds,-2.9248,-39.9167,"Sea Lounge! Bar, Club & Restaurant"
135,Xining,CN,43.5,overcast clouds,36.6167,101.7667,Super Leisure Hotel
136,Te Anau,NZ,51.66,clear sky,-45.4167,167.7167,Kingsgate Hotel Te Anau
137,Flinders,AU,63.05,clear sky,-34.5833,150.8552,Shellharbour Resort & Conference Centre
138,Hamilton,US,66.99,clear sky,39.1834,-84.5333,Six Acres Bed & Breakfast
139,San Cristobal,VE,78.98,overcast clouds,7.7669,-72.225,Pirineos
141,Hilo,US,93.27,clear sky,19.7297,-155.09,Hilo Hawaiian Hotel
143,Vardo,NO,42.78,overcast clouds,70.3705,31.1107,Vard√∏ Hotel AS
144,Thompson,CA,33.96,mist,55.7435,-97.8558,Burntwood Hotel
145,Jamestown,US,56.17,broken clouds,42.097,-79.2353,Hampton Inn & Suites Jamestown
146,Bairiki,KI,84.2,few clouds,1.3292,172.9752,Tarawa Boutique Hotel
147,Harper,LR,75.78,light rain,4.375,-7.7169,Screensaver
148,Scarborough,GB,51.37,broken clouds,54.2797,-0.4044,The Grand Hotel Scarborough
149,Chumikan,RU,42.26,overcast clouds,54.7183,135.315,Fortuna
150,Babati,TZ,62.62,clear sky,-4.2167,35.75,White Rose Lodge
153,Sterling,US,69.46,few clouds,39.0062,-77.4286,Hampton Inn & Suites Washington-Dulles International Airport
154,Saint-Leu,RE,68.83,light rain,-21.15,55.2833,La Caz Oceane
155,Slave Lake,CA,55.38,overcast clouds,55.2834,-114.769,Super 8 by Wyndham Slave Lake AB
157,Road Town,VG,86.09,few clouds,18.4167,-64.6167,"ZINGARA 76ft Catamaran, full crew-all included"
159,Matara,LK,75.54,overcast clouds,5.9485,80.5353,Amaloh Boutique Resort
160,Shingu,JP,64.85,clear sky,33.7333,135.9833,Shingu UI Hotel
162,Kasama,ZM,67.14,clear sky,-10.2129,31.1808,Kalebalika Cottages
163,Jibuti,DJ,76.95,clear sky,11.5,42.5,Orchid Main Camp Goubet
164,Awbari,LY,77.76,clear sky,26.5921,12.7805,ÿßÿ≥ÿ™ÿ±ÿßÿ≠ÿ© ÿßŸÑÿ¥ÿßÿ±ÿ® ÿßŸÑÿπÿßÿ¶ŸÑŸä
165,Berlevag,NO,35.6,clear sky,70.8578,29.0864,Kvitbrakka
166,Tamiahua,MX,84.6,few clouds,21.2667,-97.45,Mission Of The Sun Hotel
168,Suhut,TR,53.8,overcast clouds,38.5311,30.5458,YENƒ∞ UFUK ERKEK √ñƒûRENCƒ∞ YURDU
169,Kongolo,CD,76.53,few clouds,-5.3833,27.0,GUEST HOUSE OASIS
170,Hambantota,LK,78.15,overcast clouds,6.1241,81.1185,Bungalow 63
171,Severo-Kurilsk,RU,44.91,few clouds,50.6789,156.125,Kak Doma
173,Ahipara,NZ,60.01,scattered clouds,-35.1667,173.1667,Ahipara Holiday Park
175,Nizwa,OM,72.68,clear sky,22.9333,57.5333,Orient Apartments
176,Rawson,AR,67.03,clear sky,-43.3002,-65.1023,Hosteria Sampedro
178,Wagga Wagga,AU,54.61,clear sky,-35.1167,147.3667,The Club Motel and Apartments
179,Duliagaon,IN,70.16,scattered clouds,27.3667,95.3167,Kanchanjongha Complex
180,Kaohsiung,TW,78.04,broken clouds,22.6163,120.3133,Âæ°ÂÆøÂïÜÊóÖ-‰∏≠Â±±È§®
181,Nhulunbuy,AU,77.61,scattered clouds,-12.2333,136.7667,East Arnhem Real Estate
184,Redmond,US,77.43,clear sky,47.674,-122.1215,Seattle Marriott Redmond
185,Korla,CN,51.62,few clouds,41.7597,86.1469,Gulisitan Hotel
186,Gemena,CD,72.25,overcast clouds,3.25,19.7667,H√¥tel Goshen
187,Savannah Bight,HN,83.77,overcast clouds,16.45,-85.85,Villa on Dunbar Rock
188,Kapaa,US,87.78,few clouds,22.0752,-159.319,Sheraton Kauai Coconut Beach Resort
189,Erenhot,CN,42.87,few clouds,43.6475,111.9767,Erenhot Rurouni Youth Hostel
190,Grindavik,IS,39.67,broken clouds,63.8424,-22.4338,Northern Light Inn & Max's Restaurant
192,Stephenville,US,88.77,clear sky,32.2207,-98.2023,La Quinta Inn & Suites by Wyndham Stephenville
193,Palamos,ES,65.8,clear sky,41.8484,3.1291,Hotel Rosamar
194,Xochistlahuaca,MX,80.98,moderate rain,16.7833,-98.25,La frontera
196,Nogliki,RU,44.1,overcast clouds,51.8333,143.1667,"Hotel ""Nogliki"""
197,Hasaki,JP,70.21,light rain,35.7333,140.8333,Inubosaki Kanko Hotel
198,Pipri,IN,69.4,broken clouds,19.8,75.5333,Sukhana River nilu and rushi home
199,Mecca,SA,81.7,few clouds,21.4267,39.8261,"Makkah Clock Royal Tower, A Fairmont Hotel"
200,Sao Joao Da Barra,BR,77.09,clear sky,-21.6403,-41.0511,Pousada Porto De Canoas
201,Khatanga,RU,30.51,light snow,71.9667,102.5,"""Khatanga"""
202,San Patricio,US,90.32,broken clouds,28.017,-97.5169,"Motel 6 Sinton, TX"
203,Bredasdorp,ZA,57.7,light rain,-34.5322,20.0403,Bredasdorp Country Manor
204,Petatlan,MX,87.6,moderate rain,17.5167,-101.2667,Hotel California Petatl√°n
205,Chimore,BO,74.39,overcast clouds,-16.9833,-65.1333,Bichito
208,Rocha,UY,53.17,few clouds,-34.4833,-54.3333,Hotel Arrarte
209,Marsa Matruh,EG,72.95,overcast clouds,31.3525,27.2453,Beau Site
210,Puerto Madryn,AR,69.03,clear sky,-42.7692,-65.0385,Hotel Tolosa
213,Dongtai,CN,54.93,clear sky,32.8523,120.3095,Super 8 Dongtai South Hailing Road
214,Acajutla,SV,82.22,overcast clouds,13.5928,-89.8275,CASA DE LA PERRA
216,Nsanje,MW,78.33,clear sky,-16.92,35.262,Nsanje Discovery Lodge
217,Ulvik,NO,43.18,light rain,60.5672,6.9187,Ulvik Hotel
218,Tukrah,LY,72.27,light rain,32.5341,20.5791,Lagrota restaurant
219,Lata,PT,63.07,scattered clouds,40.1629,-8.3327,Casa Maquia
220,Asau,RO,49.28,overcast clouds,46.4333,26.4,Casa Mika Ciobanus
221,Pangai,TO,78.91,thunderstorm with light rain,-19.8,-174.35,Ha'apai Beach Resort
222,Srikakulam,IN,76.35,broken clouds,18.3,83.9,Micro Systems
223,Moerai,PF,72.82,scattered clouds,-22.4333,-151.3333,Le Manotel
224,Muros,ES,65.08,few clouds,42.7762,-9.0603,Apartment Av. Castelao
225,Pandan,PH,79.2,few clouds,14.0453,124.1694,Bonifacio Lodge
226,Puerto Leguizamo,CO,89.46,overcast clouds,-0.1934,-74.7819,la casona de juancho
227,Valley City,US,43.32,overcast clouds,46.9233,-98.0032,AmericInn by Wyndham Valley City Conference Center
228,Starkville,US,78.78,clear sky,33.4504,-88.8184,Hilton Garden Inn Starkville
229,Linxia,CN,47.66,overcast clouds,35.6003,103.2064,GreenTree Inn Linxia Autonomous Prefecture Linxia Oxford River Avenue Express Hotel
230,Maputo,MZ,76.68,scattered clouds,-25.9653,32.5892,Pestana Rovuma
231,Samarai,PG,81.52,broken clouds,-10.6167,150.6667,Nuli Sapi
232,Ritchie,ZA,73.53,scattered clouds,-29.038,24.6028,Riverside Country Club Modderrivier
233,Bengkulu,ID,74.34,overcast clouds,-3.8004,102.2655,Grage Hotel Bengkulu
234,Barsovo,RU,39.33,overcast clouds,61.1667,73.1667,Dipanjan Goswami
235,Medicine Hat,CA,70.23,overcast clouds,50.0501,-110.6683,Sun Dek Motel
236,Manacor,ES,69.84,clear sky,39.5696,3.2096,Hotel Can Guixa
238,Esperance,AU,50.43,clear sky,-33.8667,121.9,Hospitality Esperance
239,Shelburne,CA,53.24,scattered clouds,44.0787,-80.2041,The Retreat at the Farm
240,Husavik,IS,35.96,overcast clouds,66.0449,-17.3389,Bjarnab√∫√∞
242,Weyburn,CA,50.22,clear sky,49.6668,-103.8511,Perfect Inns & Suites
243,Buala,SB,82.0,overcast clouds,-8.145,159.5921,Maringe Lagoon Lodge
244,Avarua,CK,80.65,broken clouds,-21.2078,-159.775,Paradise Inn
245,Mana,GF,80.38,moderate rain,5.6592,-53.7767,LE SAMANA
246,Trincomalee,LK,78.4,overcast clouds,8.5711,81.2335,Welcombe Hotel
247,Mocuba,MZ,72.32,clear sky,-16.8392,36.9856,Phama Lodge
248,Vila Velha,BR,76.95,broken clouds,-20.3297,-40.2925,Hotel Vit√≥ria Palace
249,Vila,PT,54.48,clear sky,42.0304,-8.1588,Hotel Castrum Villae by Walk Hotels
251,Bonthe,SL,77.83,overcast clouds,7.5264,-12.505,Bonthe Holiday Village
252,Rockhampton,AU,73.29,clear sky,-23.3833,150.5,Mercure Rockhampton
253,Namibe,AO,67.73,broken clouds,-15.1961,12.1522,Hotel Chik Chik Namibe
254,Ilawe,NG,70.79,overcast clouds,7.8667,4.4333,MR SALAM LODGE
255,Zatoka,UA,56.37,clear sky,46.0725,30.4654,Sonyachna
256,Ulladulla,AU,56.39,clear sky,-35.35,150.4667,Sandpiper Motel
257,Sao Francisco De Paula,BR,50.38,overcast clouds,-29.4481,-50.5836,Hotel Village da Serra
258,Fasa,IR,58.24,clear sky,28.9383,53.6482,Fasa University Boys' Dormitory
260,Garowe,SO,76.64,scattered clouds,8.4054,48.4845,Sacaada Hotel
261,Catalina Foothills,US,90.55,few clouds,32.2979,-110.9187,The Westin La Paloma Resort & Spa
262,Kendari,ID,74.66,overcast clouds,-3.945,122.4989,Hotel Wixel
263,Jalu,LY,73.8,overcast clouds,29.0331,21.5482,ÿµÿßÿ≠ÿ®ÿ© ÿßŸÑŸÅÿÆÿßŸÖÿ©
264,Clarence Town,AU,61.99,clear sky,-32.5833,151.7833,River Downs Cottage
265,Paliyad,IN,79.3,few clouds,22.25,71.5667,‡™Ü‡™™‡™£‡´Å‡™Ç ‡™¨‡´ã‡™ü‡™æ‡™¶
269,Novodolinskiy,KZ,36.18,overcast clouds,49.705,72.7047,–î—É–±–æ–≤–∞—è –∞–ª–ª–µ—è –ó–µ–ª–µ–Ω—Ç—Ä–µ—Å—Ç
270,Hofn,IS,39.99,scattered clouds,64.2539,-15.2082,H√≥tel H√∂fn
271,Fortuna,US,59.99,clear sky,40.5982,-124.1573,Super 8 by Wyndham Fortuna
272,Bay Roberts,CA,55.26,broken clouds,47.5999,-53.2648,Stonewall Inn
273,Palana,RU,32.16,light snow,59.1167,159.9667,Chikago
274,Khani,GE,47.77,overcast clouds,41.9563,42.9566,Guest House Kakasxidi ·É°·Éê·É°·É¢·É£·Éõ·É†·Éù ·Éô·Éê·Éô·Éê·É°·ÉÆ·Éò·Éì·Éò
275,Isiolo,KE,69.28,broken clouds,0.3546,37.5822,Gaddisa Hotel
276,Kulhudhuffushi,MV,81.23,overcast clouds,6.6221,73.07,Haajy Guest House 1
277,Eirunepe,BR,76.24,moderate rain,-6.6603,-69.8736,Hotel novo Acre & Comercial Aguiar
278,Vanimo,PG,77.02,overcast clouds,-2.6741,141.3028,Vahmoneh Lodge Vanimo
279,Port Hardy,CA,51.98,fog,50.6996,-127.4199,Airport Inn-Port Hardy
280,Trindade,BR,91.15,clear sky,-16.6494,-49.4889,Pousada Central
281,Corner Brook,CA,51.96,overcast clouds,48.9667,-57.9484,Glynmill Inn
282,Port Hedland,AU,60.85,clear sky,-20.3167,118.5667,The Esplanade Hotel
283,Dingle,PH,75.72,scattered clouds,10.9995,122.6711,SEGAYA PROPERTY
284,Kozhva,RU,34.32,broken clouds,65.1073,57.0459,Gostinicha IP Kayuda Olga Aleksandrovna
285,Melville,US,69.85,clear sky,40.7934,-73.4151,Marriott Melville Long Island
286,Aswan,EG,77.92,clear sky,24.0934,32.907,Nuba Nile
287,Dubbo,AU,50.13,clear sky,-32.25,148.6167,Quality Inn Dubbo International
289,Fare,PF,78.94,clear sky,-16.7,-151.0167,Maitai Lapita Village Huahine
290,Coolum Beach,AU,70.11,scattered clouds,-26.5333,153.1,Coolum Beach Resort
291,Lasem,ID,76.96,heavy intensity rain,-6.6922,111.4527,"Nyah Lasem | Museum, Warung & Community Center"
292,Beruwala,LK,76.93,overcast clouds,6.4788,79.9828,The Palms Hotel
293,Zhanakorgan,KZ,55.47,broken clouds,43.9098,67.2495,"""–ê“õ–ø–∞–ª–∞—Å"" “õ–æ–Ω–∞“õ “Ø–π—ñ"
294,Puerto Escondido,MX,84.16,light rain,15.85,-97.0667,Aldea del Bazar Hotel and Spa
295,Pontianak,ID,76.98,broken clouds,-0.0333,109.3333,Aston Pontianak Hotel & Convention Center
297,Prince Rupert,CA,59.09,overcast clouds,54.3161,-130.3201,Crest Hotel
298,Chabahar,IR,79.32,clear sky,25.2919,60.643,Ÿáÿ™ŸÑ ⁄ØÿØÿ±Ÿàÿ¥€åÿß
299,Saldanha,ZA,57.25,clear sky,-33.0117,17.9442,Blue Bay Lodge
300,Bud,US,67.05,clear sky,39.447,-86.1758,Ted McQuinn Trust
301,Senanga,ZM,72.66,overcast clouds,-16.1167,23.2667,Zango lodge
302,Tacoronte,ES,69.17,fog,28.4769,-16.4102,Casa Laurel
303,Umm Lajj,SA,81.54,clear sky,25.0213,37.2685,Moon light Furnished Units
304,Sao Filipe,CV,77.94,broken clouds,14.8961,-24.4956,Hotel Xaguate
305,Akureyri,IS,37.33,overcast clouds,65.6835,-18.0878,Akureyri - Berjaya Iceland Hotels
306,Hualmay,PE,66.02,clear sky,-11.0964,-77.6139,Hotel Villa Kitzia Huacho
307,Upata,VE,76.42,broken clouds,8.0086,-62.3989,Posada Villa Nela
308,Melfort,CA,48.33,few clouds,52.8667,-104.6177,Carra Valla Inn
309,Along,IN,65.03,scattered clouds,28.1667,94.7667,Hotel West
310,Traverse City,US,46.51,overcast clouds,44.7631,-85.6206,Bayshore Resort
312,Krasnoselkup,RU,33.08,overcast clouds,65.7,82.4667,Krasnosel'kupnefteprodukt
313,Silifke,TR,70.63,overcast clouds,36.3778,33.9344,Ayatekla Hotel
315,Cabinda,AO,77.5,overcast clouds,-5.55,12.2,Hotel Maiombe
316,Zhezkazgan,KZ,51.06,broken clouds,47.8043,67.7144,Hotel Zumrat
318,Kieta,PG,81.09,overcast clouds,-6.2167,155.6333,Uruna Bay Retreat
319,Nisia Floresta,BR,79.61,clear sky,-6.0911,-35.2086,Rancho Crepusculo
320,Prieska,ZA,74.79,broken clouds,-29.6641,22.7474,Avenue GuestHouse
321,Raudeberg,NO,47.07,broken clouds,61.9875,5.1352,Nordre Silda.
322,Port Lincoln,AU,54.66,overcast clouds,-34.7333,135.8667,Port Lincoln Hotel
323,Bathsheba,BB,84.81,scattered clouds,13.2167,-59.5167,Atlantis Hotel
324,Isangel,VU,77.11,broken clouds,-19.55,169.2667,Tanna Lodge
326,Talnakh,RU,36.21,moderate rain,69.4865,88.3972,Talnakh Hotel
328,Bilgoraj,PL,50.67,broken clouds,50.5411,22.722,Dodo
329,Farmington,US,75.15,clear sky,36.7281,-108.2187,Courtyard by Marriott Farmington
332,Bambanglipuro,ID,76.15,overcast clouds,-7.95,110.2833,Puri Brata
333,Meulaboh,ID,75.11,overcast clouds,4.1363,96.1285,Kost Pria
334,Mendi,PG,55.04,overcast clouds,-6.1761,143.6513,Kiburu Lodge
335,Motril,ES,74.26,clear sky,36.7507,-3.5179,Elba Motril Hotel Beach & Business Hotel
336,Neuquen,AR,69.69,clear sky,-38.9516,-68.0591,Hotel del Comahue
337,Nemuro,JP,56.88,overcast clouds,43.3236,145.575,Hotel Nemuro Kaiyoutei
338,Povenets,RU,46.89,light rain,62.8487,34.8262,Eko Otel' Bol'shaya Medveditsa
340,Klaksvik,FO,43.72,light rain,62.2266,-6.589,Airbnb rooms
341,Faanui,PF,79.05,few clouds,-16.4833,-151.75,Bora-Bora Pearl Beach Resort & Spa
342,Ancud,CL,53.83,scattered clouds,-41.8697,-73.8203,Hotel Arena Gruesa
343,Fomboni,KM,76.21,clear sky,-12.28,43.7425,Auberge les abou
344,Zarand,IR,65.95,clear sky,30.8127,56.564,ŸÖŸáŸÖÿßŸÜÿ≥ÿ±ÿß€å ŸÅŸÜÿßŸæ
346,Bandarbeyla,SO,76.91,scattered clouds,9.4942,50.8122,JABIR HOTEL
348,Ishikari,JP,59.25,overcast clouds,43.2397,141.3539,„Ç∂„ÉªÂêâÂ≤°
349,Gatton,AU,66.42,clear sky,-27.55,152.2833,Room Motels Gatton
350,Agnibilekrou,CI,71.1,moderate rain,7.1344,-3.2047,"J'AIME ATTOBRO, (Mon Village)"
351,Santiago Del Estero,AR,77.23,few clouds,-27.7951,-64.2615,Apartamentos Castelli 90
352,Yanam,IN,75.9,overcast clouds,16.7333,82.2167,The Regency Hotel
353,Comodoro Rivadavia,AR,71.46,clear sky,-45.8667,-67.5,Austral Hotel
354,Bilma,NE,82.35,clear sky,18.6853,12.9164,Expeditions T√©n√©re voyages
355,Roma,US,62.08,few clouds,43.2128,-75.4557,Wingate By Wyndham Rome
356,Shambu,ET,51.82,broken clouds,9.5667,37.1,Wabe Hotel
358,Urumqi,CN,50.95,clear sky,43.801,87.6005,Hua Ling Grand Hotel Urumqi
359,Waingapu,ID,78.15,broken clouds,-9.6567,120.2641,Pondok Wisata Elim
360,Maine-Soroa,NE,86.27,scattered clouds,13.2114,12.0241,Complexe
361,Jacareacanga,BR,78.67,overcast clouds,-6.2222,-57.7528,Casa do Ianüòé
362,Quang Ngai,VN,72.97,overcast clouds,15.1167,108.8,Central Hotel
364,Constitucion,CL,60.58,clear sky,-35.3333,-72.4167,Hotel Boutique Las Azucenas
365,Mahanje,TZ,61.29,clear sky,-9.9333,35.3333,Amani social Hall
366,Porto Seguro,BR,75.72,few clouds,-16.4497,-39.0647,Porto C√°lem Praia Hotel
367,Derzhavinsk,KZ,49.44,broken clouds,51.1,66.3167,Ooo.khim Baza
368,Mar Del Plata,AR,51.94,clear sky,-38.0023,-57.5575,Gran Hotel Mar del Plata
369,Tautira,PF,77.09,light rain,-17.7333,-149.15,Pension Oaoa
370,Moron,AR,61.02,scattered clouds,-34.6534,-58.6198,Hotel Mor√≥n
371,Mount Isa,AU,71.37,broken clouds,-20.7333,139.5,ibis Styles Mt Isa Verona
372,Maceio,BR,78.24,few clouds,-9.6658,-35.7353,Hotel Ponta Verde Macei√≥
373,Kathu,TH,82.74,light rain,7.9178,98.3332,Novotel Phuket Resort
377,Hami,CN,51.89,clear sky,42.8,93.45,Laoyutang Resort
378,Markha,RU,30.16,broken clouds,62.1053,129.7269,Gostinitsa Yakutyanochka
379,Muyezerskiy,RU,45.48,overcast clouds,63.9333,31.65,"Gostinitsa Ooo ""Lzkh ""Ledmozerskoye"""
380,Concordia,AR,68.07,clear sky,-31.393,-58.0209,Palmar Hotel Casino
382,Colwyn Bay,GB,51.75,scattered clouds,53.2948,-3.7267,Bryn Woodlands House
383,Grand Gaube,MU,72.0,clear sky,-20.0064,57.6608,Veranda Paul et Virginie Hotel & Spa
384,Biltine,TD,85.32,few clouds,14.5333,20.9167,H√¥tel Trois √âtoiles de Biltine
385,Tiarei,PF,84.22,light rain,-17.5333,-149.3333,Le Rocher de Tahiti
386,Lapeer,US,58.05,scattered clouds,43.0514,-83.3188,"Holiday Inn Express Lapeer, an IHG Hotel"
387,Conde,BR,78.26,clear sky,-7.2597,-34.9075,Pousada Beija Flor
388,Juneau,US,46.22,overcast clouds,58.3019,-134.4197,"Baranof Downtown, BW Signature Collection"
389,Port Macquarie,AU,62.89,clear sky,-31.4333,152.9167,Rydges Port Macquarie
390,Changde,CN,59.72,clear sky,29.0464,111.6783,Kangshida Hotel
391,Kula,TR,57.47,overcast clouds,38.5473,28.6498,Anemon Kula Hotel
392,Chimbote,PE,64.69,clear sky,-9.0853,-78.5783,Hotel Brili√°
393,Sonoita,MX,89.13,overcast clouds,31.85,-112.8333,Hotel internacional
394,Rio Grande,BR,60.91,few clouds,-32.035,-52.0986,Hotel Atl√¢ntico Rio Grande
395,Dudinka,RU,36.63,light rain,69.4058,86.1778,Hotel Viktoria
397,Bahjoi,IN,71.1,clear sky,28.4,78.6167,Sindh Bank
398,Kemin,KG,56.75,overcast clouds,42.7846,75.6892,Hotel Kok-Oirok
399,Bethel,US,66.29,few clouds,41.3712,-73.414,Courtyard by Marriott Danbury
400,Iwaki,JP,62.02,overcast clouds,37.05,140.8833,Toyoko Inn Iwaki Ekimae
401,Kampong Thum,KH,69.8,overcast clouds,12.7111,104.8887,Sambor Village Hotel
404,Alice Springs,AU,56.75,scattered clouds,-23.7,133.8833,Desert Palms Alice Springs
405,San Carlos De Bariloche,AR,64.15,clear sky,-41.1456,-71.3082,Hotel Patagonia
406,Seydi,TM,65.68,overcast clouds,39.4816,62.9137,Seydi oteli
407,Mata,PT,61.72,clear sky,40.683,-7.4592,Hostel EntryFik
408,Huarmey,PE,66.49,clear sky,-10.0681,-78.1522,Hotel Miramar
409,Coquimbo,CL,58.73,clear sky,-29.9533,-71.3436,Hotel San Juan
410,Pangkalanbuun,ID,73.9,light rain,-2.6833,111.6167,Grand Kecubung Hotel
411,Lubango,AO,64.99,broken clouds,-14.9172,13.4925,Hotel Serra da Chela
412,La Romana,DO,86.36,few clouds,18.4273,-68.9728,Casa de Campo Resort and Villas
413,Mount Gambier,AU,49.66,overcast clouds,-37.8333,140.7667,The Commodore
415,Coos Bay,US,79.0,clear sky,43.3665,-124.2179,Best Western Holiday Hotel
416,High Rock,BS,84.22,overcast clouds,26.6208,-78.2833,Hideaway Bahamas Beach Club
417,Vuktyl,RU,40.15,overcast clouds,63.8567,57.3094,Mini-Hotel Lokomotiv
418,Half Moon Bay,US,79.41,overcast clouds,37.4636,-122.4286,"The Ritz-Carlton, Half Moon Bay"
419,Khairagarh,IN,73.26,clear sky,26.95,77.8167,Saleem Bhai Fruit Co.
420,Cubuk,TR,54.86,broken clouds,40.2386,33.0322,Kurbantepe Erkek Ogrenci Yurdu
421,Koroni,GR,64.08,overcast clouds,36.8,21.95,Apartments Xenios Zeus 1
422,Labuhan,ID,78.19,light rain,-6.8844,112.2051,DoubleFAG
423,Chiang Khong,TH,67.28,overcast clouds,20.2613,100.4046,Chiangkhong Green Inn Resident
424,Ostersund,SE,43.25,overcast clouds,63.1792,14.6357,Best Western Hotel Gamla Teatern
425,Sept-Iles,CA,48.72,overcast clouds,50.2001,-66.3821,Comfort Inn
426,Portland,US,84.99,smoke,45.5234,-122.6762,Embassy Suites by Hilton Portland Downtown
427,Tuatapere,NZ,53.87,clear sky,-46.1333,167.6833,Ron and Tony's Bed & Breakfast
429,Burgeo,CA,54.41,overcast clouds,47.6167,-57.6152,Gillett's Motel
430,Syamzha,RU,38.73,overcast clouds,60.0158,41.0614,Hotel Syamzha
431,Neftcala,AZ,68.7,broken clouds,39.3742,49.2472,Otel restoran
432,Broome,US,63.09,few clouds,42.2506,-75.833,Chenango Valley State Park
433,Archidona,ES,62.91,clear sky,37.0965,-4.3887,Hotel Escua
434,Calvinia,ZA,66.09,overcast clouds,-31.4707,19.776,Die Lemoenhuis
435,Natal,BR,79.45,clear sky,-5.795,-35.2094,Villa Park Hotel | Natal
436,Salta,AR,68.59,scattered clouds,-24.7859,-65.4117,Hotel Alejandro I
437,Presidencia Roque Saenz Pena,AR,84.09,clear sky,-26.7852,-60.4388,Hotel Gualok
439,Saint-Martin-De-Crau,FR,65.98,clear sky,43.6395,4.8127,Hotel Residence La Transhumance
440,Oussouye,SN,80.69,overcast clouds,12.485,-16.5469,Auberge du Routard
441,Swiecie,PL,57.6,few clouds,53.4095,18.4474,Hotel i Restauracja Vistula
442,Koutsouras,GR,70.11,overcast clouds,35.0339,25.9469,The White Houses
443,Kitob,UZ,64.76,broken clouds,39.0843,66.8332,KESH HOTEL
444,Narasannapeta,IN,76.37,broken clouds,18.4167,84.05,AVK events and catering
445,Caravelas,BR,74.88,clear sky,-17.7125,-39.2481,Pousada dos Navegantes
446,Boddam,GB,39.58,scattered clouds,57.4667,-1.7833,Palace Hotel
447,Karratha,AU,68.99,clear sky,-20.7377,116.8463,ibis Styles Karratha
449,Yangjiang,CN,68.49,broken clouds,21.85,111.9667,HUALUXE Yangjiang City Center
450,Nome,US,34.16,clear sky,64.5011,-165.4064,Dredge 7 Inn
451,Broken Hill,AU,53.19,clear sky,-31.95,141.4333,Royal Exchange Hotel
452,Sinnamary,GF,81.28,broken clouds,5.3833,-52.95,ALETHEIA Appartement Sinnamary
453,Quatre Cocos,MU,71.71,few clouds,-20.2078,57.7625,Sunrise Attitude Hotel
454,Grajau,BR,92.07,scattered clouds,-5.8194,-46.1386,Hotel Confian√ßa
455,Lompoc,US,78.01,mist,34.6391,-120.4579,"Holiday Inn Express Lompoc, an IHG Hotel"
457,Axim,GH,77.11,light rain,4.8699,-2.2405,Axim Beach Resort And Spa
458,Ambilobe,MG,72.68,broken clouds,-13.2,49.05,H√¥tel & Restaurant DIANA Ambilobe
459,Port Shepstone,ZA,69.1,light rain,-30.7414,30.455,My Den Beachfront Bed and Breakfast | Self-Catering
460,La Orilla,MX,83.71,light rain,17.9833,-102.2333,Baymont by Wyndham Lazaro Cardenas
461,Palu,ID,75.04,moderate rain,-0.8917,119.8707,Hotel Santika Palu
462,Kuusamo,FI,42.84,overcast clouds,65.9667,29.1833,Hotel Kuusanka
463,Achalpur,IN,68.72,clear sky,21.2572,77.5086,Sachin pandey
464,Uchiza,PE,77.09,overcast clouds,-8.4592,-76.4633,Hotel San Pedro
465,Muromtsevo,RU,38.75,overcast clouds,56.3724,75.2418,Plyazh U Reki Tara
466,Kitale,KE,58.46,overcast clouds,1.0157,35.0062,Engo Airport resort
467,Mashhad,IR,59.14,clear sky,36.297,59.6062,Khanye Sabz Hotel
468,Roald,NO,51.33,few clouds,62.5833,6.1333,Flem Cabins
469,Salalah,OM,77.09,scattered clouds,17.0151,54.0924,"HAMDAN PLAZA HOTEL SALALAH, an HTG Hotel"
470,Sassandra,CI,74.84,light rain,4.95,-6.0833,la terrasse
471,Les Cayes,HT,83.55,broken clouds,18.2,-73.75,Villa Orphee
472,Ordzhonikidze,KZ,46.69,overcast clouds,52.4411,61.7408,Tomiris
474,Faya,SA,59.52,clear sky,18.3851,42.4509,ÿ¥ŸäŸÑÿ© ŸÜÿ≥ÿßŸäŸÖ
475,Peruibe,BR,68.72,overcast clouds,-24.32,-46.9983,Hotel Pousada Xapuri
476,Gizo,SB,82.36,overcast clouds,-8.103,156.8419,Imagination Island
477,Santa Fe,AR,59.47,moderate rain,-31.6333,-60.7,Conquistador Hotel
478,Pasighat,IN,70.54,clear sky,28.0667,95.3333,Siang Guest House
479,Raton,US,76.05,clear sky,36.9034,-104.4391,"Holiday Inn Express & Suites Raton, an IHG Hotel"
480,Spanaway,US,76.73,clear sky,47.104,-122.4346,Firwood RV
481,Sidhi,IN,69.13,clear sky,24.4167,81.8833,HOTEL MADHUSUDAN PALACE
482,Pochutla,MX,87.82,light rain,15.7432,-96.4661,Hotel Posada San Jose
483,Nouakchott,MR,80.53,clear sky,18.0858,-15.9785,HOTEL IMAN
484,Taltal,CL,60.19,few clouds,-25.4,-70.4833,Residencial Karime
486,Padang,ID,76.1,overcast clouds,-0.9492,100.3543,Mercure Padang
487,Killybegs,IE,49.1,moderate rain,54.6333,-8.45,Tara Hotel
488,Peniche,PT,64.08,clear sky,39.3558,-9.3811,Hotel Star inn Peniche
489,Homer,US,48.09,clear sky,59.6425,-151.5483,Beluga Lake Lodge
490,Vzmorye,RU,50.09,light rain,54.6961,20.2361,Sportivnaya Hotel
493,Palembang,ID,77.09,scattered clouds,-2.9167,104.7458,ASTON Palembang Hotel & Conference Center
494,Esmeraldas,BR,81.46,few clouds,-19.7625,-44.3139,Forasteiro Pousada
495,Manitouwadge,CA,40.14,overcast clouds,49.1215,-85.8403,Select Inn
496,Bollnas,SE,42.66,overcast clouds,61.3482,16.3946,Grand Hotel
497,Honningsvag,NO,42.55,scattered clouds,70.9821,25.9704,Nordkapp Vandrerhjem
498,Keningau,MY,70.9,broken clouds,5.3378,116.1602,Sabindo Hotel
499,Upington,ZA,75.58,broken clouds,-28.4478,21.2561,River Place Manor
500,Xuddur,SO,72.34,scattered clouds,4.1213,43.8894,Banjanay Hotel
501,Southampton,GB,54.86,fog,50.904,-1.4043,Leonardo Royal Southampton Grand Harbour
502,Makakilo City,US,85.44,few clouds,21.3469,-158.0858,Marriott's Ko Olina Beach Club
503,Petropavlovsk-Kamchatskiy,RU,32.59,few clouds,53.0452,158.6483,The Hotel Petropavlovsky
504,Kalianget,ID,80.87,overcast clouds,-7.05,113.9333,Pesanggrahan Garam
506,Tambov,RU,36.91,broken clouds,52.7317,41.4339,Uyut
507,South Shields,GB,44.71,clear sky,54.9986,-1.4323,Premier Inn North Shields (Ferry Terminal) hotel
508,Naryan-Mar,RU,38.77,overcast clouds,67.6713,53.087,Hostel Agat
509,Polson,US,68.22,scattered clouds,47.6936,-114.1632,Americas Best Value Port Polson Inn
510,Valdivia,CL,68.09,scattered clouds,-39.8142,-73.2459,Hostal Entre Rios
511,Saint George,US,86.95,clear sky,37.1041,-113.5841,Best Western Plus Abbey Inn
514,Nyrob,RU,44.38,overcast clouds,60.733,56.7202,Gostinitsa
515,Jiexiu,CN,55.9,overcast clouds,37.0244,111.9125,IU Hotel Jinzhong Yuhua Road
516,Guerrero Negro,MX,71.96,overcast clouds,27.9769,-114.0611,"Casa Laguna, Bed & Breakfast"
517,Andenes,NO,42.78,clear sky,69.3143,16.1194,Hotell Marena
518,Mabaruma,GY,74.48,moderate rain,8.2,-59.7833,Monty Brooms Guest House
520,Diplo,PK,80.42,clear sky,24.4667,69.584,Mukhi Ahmed Ali Residency
521,Amuntai,ID,73.22,overcast clouds,-2.4177,115.2494,Hotel Balqis
522,Nha Trang,VN,71.6,broken clouds,12.25,109.1833,Hanoi Golden Hotel
523,Leiyang,CN,57.02,clear sky,26.4024,112.8591,Dongyang Hotel
525,Praia Da Vitoria,PT,69.76,broken clouds,38.7333,-27.0667,Hotel Branco I
526,Kitimat,CA,57.9,overcast clouds,54.0524,-128.6534,Kingfish Westcoast Adventures Ltd. Kitimat Estuary Lodge B&B
527,Sagone,FR,66.67,few clouds,42.1155,8.6969,Camping Le Sagone
528,Battipaglia,IT,61.99,few clouds,40.6109,14.9852,Hotel Palace
529,Diphu,IN,71.24,broken clouds,25.8333,93.4333,Hotel Kamakhya
530,Port Hawkesbury,CA,59.59,overcast clouds,45.6169,-61.3485,MacKenzie House Tourist Home B&B
532,Tabas,IR,72.7,clear sky,33.5959,56.9244,ÿ¥ÿ±⁄©ÿ™ ŸÖÿπŸÖÿßÿ±€å ŸÖŸáÿ±ÿßÿ≤ ÿ¥ÿß€å⁄ØÿßŸÜ ÿ¢ÿ±ÿßÿØ
535,Palimbang,PH,78.57,broken clouds,6.2106,124.1894,Felmar Beach resort
536,Paita,PE,65.68,clear sky,-5.0892,-81.1144,Hotel N√°utico de Paita
537,Tobetsu,JP,59.09,overcast clouds,43.2169,141.5169,ÂØåÂ£´Â±ãÊóÖÈ§®
538,Galeana,MX,70.02,scattered clouds,24.8333,-100.0667,Mirador
539,Qostanay,KZ,41.29,clear sky,53.1667,63.5833,Hotel Fessla
540,Lima,PE,61.05,clear sky,-12.0432,-77.0282,Hotel Kamana
541,Tateyama,JP,69.1,overcast clouds,34.9833,139.8667,Tateyama Seaside Hotel
542,Balkhash,KZ,51.96,overcast clouds,46.844,74.9804,Family
543,Nianzishan,CN,40.46,few clouds,47.5167,122.8833,Jinhong Hotel
544,Preston,GB,52.32,broken clouds,53.7667,-2.7167,Legacy Preston International Hotel - managed by Legacy Hotels and Resorts
545,Caboolture,AU,71.38,clear sky,-27.0833,152.95,Caboolture Riverlakes Motel
546,Andra,RU,39.92,overcast clouds,62.5147,65.8878,"Gostinitsa ""Ob'"""
548,Bikaner,IN,77.2,clear sky,28.0167,73.3,The Laxmi Niwas Palace
549,Balaipungut,ID,73.26,overcast clouds,1.05,101.2833,Darmo wira
550,Bowen,AU,75.72,few clouds,-20.0167,148.2333,Castle Motor Lodge Motel
551,Vaitape,PF,79.25,few clouds,-16.5167,-151.75,Conrad Bora Bora Nui
553,Trebinje,BA,57.56,clear sky,42.7119,18.3442,Hotel Aƒáimoviƒá
554,Cabedelo,BR,79.47,clear sky,-6.9811,-34.8339,Pousada Camboinha
555,Katobu,ID,75.49,overcast clouds,-4.9408,122.5276,La Ode Husein
556,Bangolo,CI,69.87,moderate rain,7.0069,-7.475,Les h√¥tels
558,Lao Cai,VN,67.3,overcast clouds,22.4833,103.95,Legend Hotel
559,Sao Sebastiao,BR,71.24,overcast clouds,-23.76,-45.4097,Hotel Recanto dos P√°ssaros
560,Sala Consilina,IT,53.29,broken clouds,40.3912,15.5989,Palazzo Grammatico
561,Buraydah,SA,73.85,clear sky,26.326,43.975,M√∂venpick Qassim
