City_ID,City,Country,Lat,Lng,Max Temp,Humidity,Cloudiness,Wind Speed,Weather Description
0,Mataura,NZ,-46.1927,168.8643,56.48,59,2,2.64,clear sky
1,Jaisalmer,IN,26.9147,70.9181,81.09,16,0,8.28,clear sky
2,Ushuaia,AR,-54.8,-68.3,49.66,66,40,5.75,scattered clouds
3,Rikitea,PF,-23.1203,-134.9692,72.25,74,0,5.84,clear sky
4,Awka,NG,6.2101,7.0741,71.47,94,100,2.1,overcast clouds
5,Piuma,BR,-20.8378,-40.7219,73.67,86,7,12.39,clear sky
6,Lebu,CL,-37.6167,-73.65,54.55,75,3,21.54,clear sky
7,Kapit,MY,2.0167,112.9333,71.78,100,100,1.05,overcast clouds
8,Nicoya,CR,10.1483,-85.452,79.02,86,91,3.2,overcast clouds
9,Uden,NL,51.6568,5.6126,55.53,96,100,3.44,overcast clouds
10,Gambela,ET,8.25,34.5833,74.46,81,100,3.44,overcast clouds
11,Steamboat Springs,US,40.485,-106.8317,67.33,17,0,8.01,clear sky
12,Ouegoa,NC,-20.35,164.4333,74.91,61,2,2.75,clear sky
13,Kahului,US,20.8947,-156.47,87.82,69,40,14.0,scattered clouds
14,Port Blair,IN,11.6667,92.75,79.56,81,77,3.96,broken clouds
15,Hobart,AU,-42.8794,147.3294,52.27,80,75,6.91,broken clouds
16,Lazaro Cardenas,MX,17.9583,-102.2,83.98,77,96,5.53,light rain
17,Georgetown,MY,5.4112,100.3354,80.24,87,40,3.44,scattered clouds
18,Tuktoyaktuk,CA,69.4541,-133.0374,26.6,68,75,14.97,broken clouds
19,Yellowknife,CA,62.456,-114.3525,36.12,51,75,19.57,broken clouds
20,Sitka,US,57.0531,-135.33,49.89,76,75,0.0,broken clouds
21,Nokaneng,BW,-19.6667,22.2667,77.43,18,20,6.22,few clouds
22,Havoysund,NO,70.9963,24.6622,43.03,81,41,8.97,scattered clouds
23,Eureka,US,40.8021,-124.1637,60.26,79,2,3.0,clear sky
24,Chlorakas,CY,34.8042,32.4083,68.88,73,40,3.44,scattered clouds
25,Samana,DO,19.2056,-69.3369,86.22,79,20,6.91,few clouds
26,La Ronge,CA,55.1001,-105.2842,48.42,34,40,8.05,scattered clouds
27,Cabo San Lucas,MX,22.8909,-109.9124,89.62,49,0,12.66,clear sky
28,East London,ZA,-33.0153,27.9116,65.35,84,100,8.86,light rain
29,Srandakan,ID,-7.9386,110.2506,76.26,87,92,6.4,overcast clouds
30,Puerto Ayora,EC,-0.7393,-90.3518,75.16,92,96,8.01,overcast clouds
31,Lewiston,US,44.1003,-70.2148,64.92,96,100,9.22,light rain
32,Busselton,AU,-33.65,115.3333,47.07,92,3,7.05,clear sky
33,Yar-Sale,RU,66.8333,70.8333,40.44,89,100,8.88,overcast clouds
34,Saint-Philippe,RE,-21.3585,55.7679,67.59,79,28,10.54,scattered clouds
35,Kaitangata,NZ,-46.2817,169.8464,52.41,66,4,3.78,clear sky
36,Bambous Virieux,MU,-20.3428,57.7575,71.85,68,40,11.5,scattered clouds
37,Necochea,AR,-38.5473,-58.7368,52.09,46,2,15.68,clear sky
38,Torbay,CA,47.6666,-52.7314,54.5,79,20,3.44,few clouds
39,Atar,MR,20.5169,-13.0499,89.02,24,30,4.7,scattered clouds
40,Victoria,HK,22.2855,114.1577,78.33,78,27,8.01,scattered clouds
41,Codrington,AU,-38.2667,141.9667,49.35,90,100,10.4,overcast clouds
42,Carnarvon,AU,-24.8667,113.6333,65.03,63,2,18.72,clear sky
43,Oriximina,BR,-1.7656,-55.8661,88.72,53,80,4.0,broken clouds
44,Yulara,AU,-25.2406,130.9889,61.52,32,99,15.52,overcast clouds
45,New Norfolk,AU,-42.7826,147.0587,51.93,72,100,1.01,overcast clouds
46,Ngunguru,NZ,-35.6167,174.5,57.29,77,64,19.46,broken clouds
47,Poronaysk,RU,49.2167,143.1167,42.37,83,100,2.75,overcast clouds
48,Mehamn,NO,71.0357,27.8492,35.55,87,75,6.91,broken clouds
49,Punta Alta,AR,-38.8759,-62.0736,61.54,37,6,12.71,clear sky
50,Westport,US,41.1415,-73.3579,69.06,72,0,5.75,clear sky
51,Lavrentiya,RU,65.5833,-171.0,27.54,79,34,4.54,scattered clouds
52,Garhi Yasin,PK,27.9069,68.511,71.62,25,0,1.39,clear sky
53,Port Elizabeth,ZA,-33.918,25.5701,61.32,99,100,6.91,light rain
54,Iqaluit,CA,63.7506,-68.5145,29.93,92,75,8.05,broken clouds
55,Kodiak,US,57.79,-152.4072,47.71,71,100,20.71,overcast clouds
56,Mandera,KE,3.9366,41.867,80.74,57,58,11.3,broken clouds
57,Srednekolymsk,RU,67.45,153.6833,9.3,96,100,6.35,overcast clouds
58,Abu Zabad,SD,12.35,29.25,82.13,32,42,5.68,scattered clouds
59,Souillac,MU,-20.5167,57.5167,71.98,68,40,11.5,scattered clouds
60,Inhambane,MZ,-23.865,35.3833,70.27,84,0,8.03,clear sky
61,Leshukonskoye,RU,64.8989,45.7622,40.1,95,100,5.01,overcast clouds
62,Albany,US,42.6001,-73.9662,63.34,53,0,4.45,clear sky
63,Ust-Maya,RU,60.4167,134.5333,22.6,99,77,1.52,broken clouds
64,Pangnirtung,CA,66.1451,-65.7125,30.2,74,100,4.61,overcast clouds
65,Tigil,RU,57.8,158.6667,34.57,100,100,4.99,snow
66,Tacarigua,VE,10.0862,-67.9198,82.44,65,75,2.48,broken clouds
67,Port Augusta,AU,-32.5,137.7667,54.12,75,0,6.4,clear sky
68,Katsuura,JP,35.1333,140.3,70.68,82,98,16.17,overcast clouds
69,Boden,SE,65.8252,21.6886,41.0,87,97,1.7,overcast clouds
70,Kloulklubed,PW,7.0419,134.2556,75.7,77,100,14.7,light rain
71,Barrow,US,71.2906,-156.7887,28.42,69,75,12.66,broken clouds
72,Luderitz,NA,-26.6481,15.1594,65.53,59,100,15.3,overcast clouds
73,Atuona,PF,-9.8,-139.0333,77.16,78,18,17.69,light rain
74,Arraial Do Cabo,BR,-22.9661,-42.0278,75.06,83,20,6.91,few clouds
75,Punta Arenas,CL,-53.15,-70.9167,53.71,58,0,34.52,clear sky
76,Butaritari,KI,3.0707,172.7902,81.79,75,100,17.87,overcast clouds
77,Bluff,NZ,-46.6,168.3333,56.8,68,2,6.26,clear sky
78,Cape Town,ZA,-33.9258,18.4232,61.27,77,20,21.85,few clouds
79,Mahebourg,MU,-20.4081,57.7,71.89,68,40,11.5,scattered clouds
80,Nikolskoye,RU,59.7035,30.7861,48.09,82,100,7.14,overcast clouds
81,Sao Gabriel Da Cachoeira,BR,-0.1303,-67.0892,78.01,90,94,3.13,overcast clouds
82,Yazd,IR,31.8972,54.3675,69.91,18,0,4.61,clear sky
83,Nanortalik,GL,60.1432,-45.2371,31.87,68,4,10.65,clear sky
84,Cidreira,BR,-30.1811,-50.2056,60.85,73,95,17.67,overcast clouds
85,Pisco,PE,-13.7,-76.2167,68.05,60,0,17.27,clear sky
86,Na Wa,TH,17.4897,104.1006,64.49,87,100,5.75,light rain
87,Vaini,TO,-21.2,-175.2,80.76,78,20,17.27,few clouds
88,Hithadhoo,MV,-0.6,73.0833,81.0,75,16,16.35,few clouds
89,Ketchikan,US,55.3422,-131.6461,57.18,100,100,10.36,mist
90,Castro,BR,-24.7911,-50.0119,60.13,97,100,5.91,moderate rain
91,Touros,BR,-5.1989,-35.4608,78.04,75,0,17.07,clear sky
92,Changtu,CN,42.7788,124.0955,49.23,83,0,8.16,clear sky
93,Wattegama,LK,6.7989,81.4808,74.68,92,100,1.9,light rain
94,Taoudenni,ML,22.6783,-3.9836,94.1,9,100,9.24,overcast clouds
95,Kupang,ID,-10.1667,123.5833,77.99,84,99,5.99,overcast clouds
96,High Level,CA,58.5169,-117.136,44.71,57,20,10.36,few clouds
97,Quiniput,PH,7.1783,122.221,75.11,79,96,4.38,overcast clouds
98,Cockburn Town,TC,21.4612,-71.1419,84.16,70,40,9.22,scattered clouds
99,Narsaq,GL,60.9167,-46.05,30.42,68,0,6.78,clear sky
100,Port Alfred,ZA,-33.5906,26.891,62.19,96,100,13.73,light rain
101,San Quintin,MX,30.4833,-115.95,69.93,66,11,11.23,few clouds
102,Ponta Do Sol,PT,32.6667,-17.1,73.0,69,89,6.53,overcast clouds
103,Kaeo,NZ,-35.1,173.7833,59.32,93,25,12.1,scattered clouds
104,Chuy,UY,-33.6971,-53.4616,55.72,59,13,10.38,few clouds
105,Qaanaaq,GL,77.484,-69.3632,12.7,82,36,4.56,scattered clouds
106,Bolobo,CD,-2.1667,16.2333,72.27,94,87,2.75,moderate rain
107,Pacific Grove,US,36.6177,-121.9166,69.21,95,100,8.05,overcast clouds
108,Progreso,MX,21.2833,-89.6667,87.12,70,57,11.16,light rain
109,Tarpon Springs,US,28.1461,-82.7568,89.11,65,40,10.36,scattered clouds
110,Hermanus,ZA,-34.4187,19.2345,58.8,82,100,15.59,overcast clouds
111,Glen Ellyn,US,41.8775,-88.067,60.55,33,0,18.41,clear sky
112,Lorengau,PG,-2.0226,147.2712,82.74,69,86,8.75,overcast clouds
113,Turukhansk,RU,65.8167,87.9833,30.61,88,100,13.24,overcast clouds
114,Maumere,ID,-8.6199,122.2111,79.16,79,97,4.76,overcast clouds
115,Inongo,CD,-1.95,18.2667,72.25,96,95,4.25,light rain
116,Emerald,AU,-23.5333,148.1667,68.34,70,15,10.02,few clouds
117,Port-Gentil,GA,-0.7193,8.7815,75.16,100,100,9.22,thunderstorm with light rain
118,Deputatskiy,RU,69.3,139.9,0.54,94,98,5.97,overcast clouds
119,Riyadh,SA,24.6877,46.7219,77.14,19,0,6.42,clear sky
120,Saskylakh,RU,71.9167,114.0833,21.15,91,100,11.86,overcast clouds
121,Gigmoto,PH,13.7796,124.39,78.91,87,9,4.45,clear sky
122,Sebring,US,27.4956,-81.4409,87.51,66,0,8.05,clear sky
123,Mango,US,27.9797,-82.3065,89.19,67,100,3.0,overcast clouds
124,Reconquista,AR,-29.15,-59.65,76.14,42,3,14.36,clear sky
125,Ribeira Grande,PT,38.5167,-28.7,68.77,81,84,15.01,broken clouds
126,Kavaratti,IN,10.5669,72.642,81.25,70,81,3.58,broken clouds
127,Sabang,ID,5.8933,95.3214,81.12,79,100,19.37,overcast clouds
128,Upernavik,GL,72.7868,-56.1549,26.49,88,97,18.05,overcast clouds
129,Karpogory,RU,64.0019,44.4451,41.4,93,100,4.74,overcast clouds
130,Espanola,US,35.9911,-106.0806,77.59,21,0,1.99,clear sky
131,Tiksi,RU,71.6872,128.8694,12.6,93,99,7.92,overcast clouds
132,Ajdabiya,LY,30.7554,20.2263,74.26,68,0,18.68,clear sky
133,Alta Floresta,BR,-9.8756,-56.0861,82.54,59,83,2.57,broken clouds
134,Itarema,BR,-2.9248,-39.9167,79.03,78,39,16.13,scattered clouds
135,Xining,CN,36.6167,101.7667,43.5,47,100,1.7,overcast clouds
136,Te Anau,NZ,-45.4167,167.7167,51.66,52,4,1.95,clear sky
137,Flinders,AU,-34.5833,150.8552,63.05,74,0,4.0,clear sky
138,Hamilton,US,39.1834,-84.5333,66.99,21,0,16.11,clear sky
139,San Cristobal,VE,7.7669,-72.225,78.98,66,97,3.74,overcast clouds
140,Dormidontovka,RU,47.7702,134.9076,46.47,89,92,2.93,overcast clouds
141,Hilo,US,19.7297,-155.09,93.27,68,0,9.22,clear sky
142,Leningradskiy,RU,69.3833,178.4167,13.39,76,58,5.59,broken clouds
143,Vardo,NO,70.3705,31.1107,42.78,81,100,8.05,overcast clouds
144,Thompson,CA,55.7435,-97.8558,33.96,93,100,11.5,mist
145,Jamestown,US,42.097,-79.2353,56.17,33,75,10.36,broken clouds
146,Bairiki,KI,1.3292,172.9752,84.2,74,20,10.36,few clouds
147,Harper,LR,4.375,-7.7169,75.78,90,96,7.38,light rain
148,Scarborough,GB,54.2797,-0.4044,51.37,88,68,7.18,broken clouds
149,Chumikan,RU,54.7183,135.315,42.26,79,91,7.47,overcast clouds
150,Babati,TZ,-4.2167,35.75,62.62,63,10,5.23,clear sky
151,Dikson,RU,73.5069,80.5464,33.04,98,100,24.11,overcast clouds
152,Mishelevka,RU,52.8575,103.1719,29.68,90,99,7.74,overcast clouds
153,Sterling,US,39.0062,-77.4286,69.46,46,20,8.05,few clouds
154,Saint-Leu,RE,-21.15,55.2833,68.83,72,90,2.37,light rain
155,Slave Lake,CA,55.2834,-114.769,55.38,71,100,20.71,overcast clouds
156,Aripuana,BR,-9.1667,-60.6333,81.82,66,100,2.8,overcast clouds
157,Road Town,VG,18.4167,-64.6167,86.09,74,20,5.75,few clouds
158,Longyearbyen,SJ,78.2186,15.6401,22.84,68,75,10.36,light snow
159,Matara,LK,5.9485,80.5353,75.54,92,92,7.47,overcast clouds
160,Shingu,JP,33.7333,135.9833,64.85,84,0,4.47,clear sky
161,Tadine,NC,-21.55,167.8833,71.96,57,90,10.2,overcast clouds
162,Kasama,ZM,-10.2129,31.1808,67.14,24,2,9.62,clear sky
163,Jibuti,DJ,11.5,42.5,76.95,62,1,14.92,clear sky
164,Awbari,LY,26.5921,12.7805,77.76,23,4,2.66,clear sky
165,Berlevag,NO,70.8578,29.0864,35.6,86,0,5.75,clear sky
166,Tamiahua,MX,21.2667,-97.45,84.6,68,11,10.76,few clouds
167,Beringovskiy,RU,63.05,179.3167,30.07,68,94,2.01,overcast clouds
168,Suhut,TR,38.5311,30.5458,53.8,85,100,4.0,overcast clouds
169,Kongolo,CD,-5.3833,27.0,76.53,41,11,1.19,few clouds
170,Hambantota,LK,6.1241,81.1185,78.15,82,100,14.03,overcast clouds
171,Severo-Kurilsk,RU,50.6789,156.125,44.91,89,20,8.01,few clouds
172,Lodja,CD,-3.4833,23.4333,70.18,88,100,3.06,overcast clouds
173,Ahipara,NZ,-35.1667,173.1667,60.01,62,35,8.95,scattered clouds
174,Nuuk,GL,64.1835,-51.7216,29.01,64,75,13.8,broken clouds
175,Nizwa,OM,22.9333,57.5333,72.68,23,0,1.45,clear sky
176,Rawson,AR,-43.3002,-65.1023,67.03,33,4,8.68,clear sky
177,Chokurdakh,RU,70.6333,147.9167,12.09,96,98,7.56,overcast clouds
178,Wagga Wagga,AU,-35.1167,147.3667,54.61,94,0,0.96,clear sky
179,Duliagaon,IN,27.3667,95.3167,70.16,99,32,1.14,scattered clouds
180,Kaohsiung,TW,22.6163,120.3133,78.04,85,75,2.3,broken clouds
181,Nhulunbuy,AU,-12.2333,136.7667,77.61,88,40,0.0,scattered clouds
182,Awjilah,LY,29.1081,21.2869,73.69,77,100,18.84,overcast clouds
183,Keetmanshoop,NA,-26.5833,18.1333,80.02,15,89,9.8,overcast clouds
184,Redmond,US,47.674,-122.1215,77.43,54,5,1.99,clear sky
185,Korla,CN,41.7597,86.1469,51.62,29,13,1.41,few clouds
186,Gemena,CD,3.25,19.7667,72.25,97,100,1.21,overcast clouds
187,Savannah Bight,HN,16.45,-85.85,83.77,77,100,15.57,overcast clouds
188,Kapaa,US,22.0752,-159.319,87.78,78,20,14.97,few clouds
189,Erenhot,CN,43.6475,111.9767,42.87,36,17,8.72,few clouds
190,Grindavik,IS,63.8424,-22.4338,39.67,81,75,16.11,broken clouds
191,Hegang,CN,47.4,130.3667,42.93,74,4,1.81,clear sky
192,Stephenville,US,32.2207,-98.2023,88.77,28,0,5.99,clear sky
193,Palamos,ES,41.8484,3.1291,65.8,89,0,4.0,clear sky
194,Xochistlahuaca,MX,16.7833,-98.25,80.98,89,55,3.96,moderate rain
195,Belint,RO,45.755,21.7603,54.75,80,17,2.89,few clouds
196,Nogliki,RU,51.8333,143.1667,44.1,82,100,7.81,overcast clouds
197,Hasaki,JP,35.7333,140.8333,70.21,72,100,17.72,light rain
198,Pipri,IN,19.8,75.5333,69.4,70,54,7.47,broken clouds
199,Mecca,SA,21.4267,39.8261,81.7,56,20,0.92,few clouds
200,Sao Joao Da Barra,BR,-21.6403,-41.0511,77.09,86,4,12.33,clear sky
201,Khatanga,RU,71.9667,102.5,30.51,96,100,17.02,light snow
202,San Patricio,US,28.017,-97.5169,90.32,46,57,12.5,broken clouds
203,Bredasdorp,ZA,-34.5322,20.0403,57.7,83,100,10.4,light rain
204,Petatlan,MX,17.5167,-101.2667,87.6,87,98,4.18,moderate rain
205,Chimore,BO,-16.9833,-65.1333,74.39,91,96,1.88,overcast clouds
206,Tasiilaq,GL,65.6145,-37.6368,28.56,60,3,6.96,clear sky
207,Krasnogvardeyskiy,RU,57.3793,62.3195,45.09,89,80,5.19,broken clouds
208,Rocha,UY,-34.4833,-54.3333,53.17,62,22,9.62,few clouds
209,Marsa Matruh,EG,31.3525,27.2453,72.95,65,91,10.65,overcast clouds
210,Puerto Madryn,AR,-42.7692,-65.0385,69.03,26,3,13.98,clear sky
211,Staryy Nadym,RU,65.6118,72.6842,35.94,83,99,11.1,overcast clouds
212,Tucuma,BR,-0.1833,-50.05,82.42,73,87,10.65,moderate rain
213,Dongtai,CN,32.8523,120.3095,54.93,88,1,5.06,clear sky
214,Acajutla,SV,13.5928,-89.8275,82.22,78,100,4.03,overcast clouds
215,Arman,RU,59.7,150.1667,23.99,68,98,7.31,overcast clouds
216,Nsanje,MW,-16.92,35.262,78.33,52,0,3.98,clear sky
217,Ulvik,NO,60.5672,6.9187,43.18,100,100,2.06,light rain
218,Tukrah,LY,32.5341,20.5791,72.27,73,73,17.54,light rain
219,Lata,PT,40.1629,-8.3327,63.07,97,25,1.7,scattered clouds
220,Asau,RO,46.4333,26.4,49.28,93,91,2.73,overcast clouds
221,Pangai,TO,-19.8,-174.35,78.91,89,100,12.66,thunderstorm with light rain
222,Srikakulam,IN,18.3,83.9,76.35,90,78,7.07,broken clouds
223,Moerai,PF,-22.4333,-151.3333,72.82,77,26,5.37,scattered clouds
224,Muros,ES,42.7762,-9.0603,65.08,90,22,7.07,few clouds
225,Pandan,PH,14.0453,124.1694,79.2,86,15,6.71,few clouds
226,Puerto Leguizamo,CO,-0.1934,-74.7819,89.46,50,87,4.7,overcast clouds
227,Valley City,US,46.9233,-98.0032,43.32,52,100,24.16,overcast clouds
228,Starkville,US,33.4504,-88.8184,78.78,29,0,6.91,clear sky
229,Linxia,CN,35.6003,103.2064,47.66,51,100,0.58,overcast clouds
230,Maputo,MZ,-25.9653,32.5892,76.68,78,40,12.66,scattered clouds
231,Samarai,PG,-10.6167,150.6667,81.52,82,66,10.11,broken clouds
232,Ritchie,ZA,-29.038,24.6028,73.53,11,28,11.83,scattered clouds
233,Bengkulu,ID,-3.8004,102.2655,74.34,90,100,3.51,overcast clouds
234,Barsovo,RU,61.1667,73.1667,39.33,79,100,11.07,overcast clouds
235,Medicine Hat,CA,50.0501,-110.6683,70.23,32,100,23.02,overcast clouds
236,Manacor,ES,39.5696,3.2096,69.84,84,2,7.23,clear sky
237,Fairbanks,US,64.8378,-147.7164,28.81,77,0,3.44,clear sky
238,Esperance,AU,-33.8667,121.9,50.43,86,0,8.08,clear sky
239,Shelburne,CA,44.0787,-80.2041,53.24,38,49,12.73,scattered clouds
240,Husavik,IS,66.0449,-17.3389,35.96,95,100,20.89,overcast clouds
241,Pevek,RU,69.7008,170.3133,13.14,90,100,10.51,overcast clouds
242,Weyburn,CA,49.6668,-103.8511,50.22,37,5,12.66,clear sky
243,Buala,SB,-8.145,159.5921,82.0,68,100,2.01,overcast clouds
244,Avarua,CK,-21.2078,-159.775,80.65,74,75,11.5,broken clouds
245,Mana,GF,5.6592,-53.7767,80.38,83,93,10.31,moderate rain
246,Trincomalee,LK,8.5711,81.2335,78.4,82,95,9.48,overcast clouds
247,Mocuba,MZ,-16.8392,36.9856,72.32,72,0,3.36,clear sky
248,Vila Velha,BR,-20.3297,-40.2925,76.95,84,75,12.66,broken clouds
249,Vila,PT,42.0304,-8.1588,54.48,91,8,0.85,clear sky
250,Belaya Gora,RU,68.5333,146.4167,10.4,91,100,4.32,overcast clouds
251,Bonthe,SL,7.5264,-12.505,77.83,86,93,4.99,overcast clouds
252,Rockhampton,AU,-23.3833,150.5,73.29,83,5,4.61,clear sky
253,Namibe,AO,-15.1961,12.1522,67.73,83,84,7.94,broken clouds
254,Ilawe,NG,7.8667,4.4333,70.79,96,100,3.65,overcast clouds
255,Zatoka,UA,46.0725,30.4654,56.37,52,4,14.74,clear sky
256,Ulladulla,AU,-35.35,150.4667,56.39,67,0,3.89,clear sky
257,Sao Francisco De Paula,BR,-29.4481,-50.5836,50.38,97,100,4.68,overcast clouds
258,Fasa,IR,28.9383,53.6482,58.24,33,0,4.61,clear sky
259,Mgandu,TZ,-5.95,34.1333,67.35,34,7,9.46,clear sky
260,Garowe,SO,8.4054,48.4845,76.64,70,40,16.71,scattered clouds
261,Catalina Foothills,US,32.2979,-110.9187,90.55,29,20,8.05,few clouds
262,Kendari,ID,-3.945,122.4989,74.66,95,88,2.62,overcast clouds
263,Jalu,LY,29.0331,21.5482,73.8,79,98,18.66,overcast clouds
264,Clarence Town,AU,-32.5833,151.7833,61.99,69,0,3.33,clear sky
265,Paliyad,IN,22.25,71.5667,79.3,41,18,5.77,few clouds
266,Petropavlovka,RU,50.6114,105.3196,26.38,77,96,5.03,overcast clouds
267,Aklavik,CA,68.2191,-135.0107,28.4,59,75,4.61,broken clouds
268,Tiznit,MA,29.5833,-9.5,76.91,25,48,4.61,scattered clouds
269,Novodolinskiy,KZ,49.705,72.7047,36.18,38,100,6.64,overcast clouds
270,Hofn,IS,64.2539,-15.2082,39.99,62,44,24.43,scattered clouds
271,Fortuna,US,40.5982,-124.1573,59.99,80,7,5.64,clear sky
272,Bay Roberts,CA,47.5999,-53.2648,55.26,83,57,1.01,broken clouds
273,Palana,RU,59.1167,159.9667,32.16,98,100,2.48,light snow
274,Khani,GE,41.9563,42.9566,47.77,79,100,2.66,overcast clouds
275,Isiolo,KE,0.3546,37.5822,69.28,64,56,10.78,broken clouds
276,Kulhudhuffushi,MV,6.6221,73.07,81.23,78,100,18.23,overcast clouds
277,Eirunepe,BR,-6.6603,-69.8736,76.24,95,100,1.12,moderate rain
278,Vanimo,PG,-2.6741,141.3028,77.02,92,99,5.95,overcast clouds
279,Port Hardy,CA,50.6996,-127.4199,51.98,93,75,3.44,fog
280,Trindade,BR,-16.6494,-49.4889,91.15,21,8,5.7,clear sky
281,Corner Brook,CA,48.9667,-57.9484,51.96,73,87,2.48,overcast clouds
282,Port Hedland,AU,-20.3167,118.5667,60.85,82,6,4.61,clear sky
283,Dingle,PH,10.9995,122.6711,75.72,91,46,5.66,scattered clouds
284,Kozhva,RU,65.1073,57.0459,34.32,87,77,3.2,broken clouds
285,Melville,US,40.7934,-73.4151,69.85,52,0,8.05,clear sky
286,Aswan,EG,24.0934,32.907,77.92,27,0,14.23,clear sky
287,Dubbo,AU,-32.25,148.6167,50.13,93,0,5.75,clear sky
288,Airai,TL,-8.9266,125.4092,59.76,86,80,2.04,broken clouds
289,Fare,PF,-16.7,-151.0167,78.94,73,3,10.07,clear sky
290,Coolum Beach,AU,-26.5333,153.1,70.11,66,31,6.89,scattered clouds
291,Lasem,ID,-6.6922,111.4527,76.96,88,97,4.34,heavy intensity rain
292,Beruwala,LK,6.4788,79.9828,76.93,89,100,4.54,overcast clouds
293,Zhanakorgan,KZ,43.9098,67.2495,55.47,41,51,9.15,broken clouds
294,Puerto Escondido,MX,15.85,-97.0667,84.16,78,100,6.93,light rain
295,Pontianak,ID,-0.0333,109.3333,76.98,100,75,2.3,broken clouds
296,Adrar,MR,20.5022,-10.0711,88.52,19,100,11.68,overcast clouds
297,Prince Rupert,CA,54.3161,-130.3201,59.09,90,100,8.05,overcast clouds
298,Chabahar,IR,25.2919,60.643,79.32,58,0,1.81,clear sky
299,Saldanha,ZA,-33.0117,17.9442,57.25,85,2,18.75,clear sky
300,Bud,US,39.447,-86.1758,67.05,23,6,16.46,clear sky
301,Senanga,ZM,-16.1167,23.2667,72.66,23,100,5.28,overcast clouds
302,Tacoronte,ES,28.4769,-16.4102,69.17,90,40,15.99,fog
303,Umm Lajj,SA,25.0213,37.2685,81.54,55,2,10.4,clear sky
304,Sao Filipe,CV,14.8961,-24.4956,77.94,82,77,6.58,broken clouds
305,Akureyri,IS,65.6835,-18.0878,37.33,87,100,12.66,overcast clouds
306,Hualmay,PE,-11.0964,-77.6139,66.02,70,1,11.34,clear sky
307,Upata,VE,8.0086,-62.3989,76.42,90,54,4.5,broken clouds
308,Melfort,CA,52.8667,-104.6177,48.33,31,17,11.5,few clouds
309,Along,IN,28.1667,94.7667,65.03,97,31,1.92,scattered clouds
310,Traverse City,US,44.7631,-85.6206,46.51,75,100,10.36,overcast clouds
311,Outjo,NA,-20.1167,16.15,78.49,24,48,8.23,scattered clouds
312,Krasnoselkup,RU,65.7,82.4667,33.08,85,100,15.1,overcast clouds
313,Silifke,TR,36.3778,33.9344,70.63,71,94,2.91,overcast clouds
314,Provideniya,RU,64.3833,-173.3,27.99,80,75,8.19,broken clouds
315,Cabinda,AO,-5.55,12.2,77.5,87,100,8.93,overcast clouds
316,Zhezkazgan,KZ,47.8043,67.7144,51.06,50,68,6.13,broken clouds
317,Goundam,ML,16.4145,-3.6708,94.19,14,14,9.01,few clouds
318,Kieta,PG,-6.2167,155.6333,81.09,76,99,1.77,overcast clouds
319,Nisia Floresta,BR,-6.0911,-35.2086,79.61,76,1,12.33,clear sky
320,Prieska,ZA,-29.6641,22.7474,74.79,13,67,7.0,broken clouds
321,Raudeberg,NO,61.9875,5.1352,47.07,68,54,14.94,broken clouds
322,Port Lincoln,AU,-34.7333,135.8667,54.66,70,100,5.28,overcast clouds
323,Bathsheba,BB,13.2167,-59.5167,84.81,74,40,12.66,scattered clouds
324,Isangel,VU,-19.55,169.2667,77.11,61,72,5.75,broken clouds
325,Merauke,ID,-8.4667,140.3333,78.22,88,96,9.71,overcast clouds
326,Talnakh,RU,69.4865,88.3972,36.21,99,100,8.01,moderate rain
327,Kamenka,RU,51.3223,42.7678,37.35,73,36,5.59,scattered clouds
328,Bilgoraj,PL,50.5411,22.722,50.67,89,75,7.29,broken clouds
329,Farmington,US,36.7281,-108.2187,75.15,19,0,10.36,clear sky
330,Promyshlennyy,RU,67.5833,63.9167,34.61,94,98,6.42,overcast clouds
331,Cherskiy,RU,68.75,161.3,4.71,96,100,6.64,overcast clouds
332,Bambanglipuro,ID,-7.95,110.2833,76.15,87,94,6.44,overcast clouds
333,Meulaboh,ID,4.1363,96.1285,75.11,91,100,1.79,overcast clouds
334,Mendi,PG,-6.1761,143.6513,55.04,95,96,3.47,overcast clouds
335,Motril,ES,36.7507,-3.5179,74.26,74,0,2.04,clear sky
336,Neuquen,AR,-38.9516,-68.0591,69.69,11,0,6.91,clear sky
337,Nemuro,JP,43.3236,145.575,56.88,71,100,9.01,overcast clouds
338,Povenets,RU,62.8487,34.8262,46.89,92,100,8.43,light rain
339,Umm Kaddadah,SD,13.6017,26.6876,85.64,19,2,10.98,clear sky
340,Klaksvik,FO,62.2266,-6.589,43.72,88,100,27.38,light rain
341,Faanui,PF,-16.4833,-151.75,79.05,72,18,11.16,few clouds
342,Ancud,CL,-41.8697,-73.8203,53.83,68,36,3.67,scattered clouds
343,Fomboni,KM,-12.28,43.7425,76.21,71,0,5.82,clear sky
344,Zarand,IR,30.8127,56.564,65.95,18,1,3.22,clear sky
345,Ilulissat,GL,69.2167,-51.1,26.62,59,75,3.44,broken clouds
346,Bandarbeyla,SO,9.4942,50.8122,76.91,90,41,11.88,scattered clouds
347,Ust-Omchug,RU,61.15,149.6333,-0.47,100,98,1.5,overcast clouds
348,Ishikari,JP,43.2397,141.3539,59.25,87,100,9.06,overcast clouds
349,Gatton,AU,-27.55,152.2833,66.42,61,0,2.77,clear sky
350,Agnibilekrou,CI,7.1344,-3.2047,71.1,99,100,3.33,moderate rain
351,Santiago Del Estero,AR,-27.7951,-64.2615,77.23,31,14,9.37,few clouds
352,Yanam,IN,16.7333,82.2167,75.9,96,100,6.29,overcast clouds
353,Comodoro Rivadavia,AR,-45.8667,-67.5,71.46,18,0,8.05,clear sky
354,Bilma,NE,18.6853,12.9164,82.35,12,0,5.88,clear sky
355,Roma,US,43.2128,-75.4557,62.08,45,20,5.75,few clouds
356,Shambu,ET,9.5667,37.1,51.82,86,63,2.57,broken clouds
357,Yumen,CN,40.2833,97.2,45.54,34,100,11.12,overcast clouds
358,Urumqi,CN,43.801,87.6005,50.95,24,0,4.47,clear sky
359,Waingapu,ID,-9.6567,120.2641,78.15,75,82,5.35,broken clouds
360,Maine-Soroa,NE,13.2114,12.0241,86.27,15,42,7.7,scattered clouds
361,Jacareacanga,BR,-6.2222,-57.7528,78.67,78,98,5.66,overcast clouds
362,Quang Ngai,VN,15.1167,108.8,72.97,95,100,6.73,overcast clouds
363,Cheremukhovo,RU,60.3484,59.9851,41.68,95,100,4.05,light rain
364,Constitucion,CL,-35.3333,-72.4167,60.58,63,4,16.55,clear sky
365,Mahanje,TZ,-9.9333,35.3333,61.29,45,2,1.92,clear sky
366,Porto Seguro,BR,-16.4497,-39.0647,75.72,83,20,8.05,few clouds
367,Derzhavinsk,KZ,51.1,66.3167,49.44,53,75,6.69,broken clouds
368,Mar Del Plata,AR,-38.0023,-57.5575,51.94,64,0,15.99,clear sky
369,Tautira,PF,-17.7333,-149.15,77.09,78,7,5.03,light rain
370,Moron,AR,-34.6534,-58.6198,61.02,55,32,12.39,scattered clouds
371,Mount Isa,AU,-20.7333,139.5,71.37,53,55,5.75,broken clouds
372,Maceio,BR,-9.6658,-35.7353,78.24,73,20,9.22,few clouds
373,Kathu,TH,7.9178,98.3332,82.74,85,100,12.64,light rain
374,Avera,US,33.194,-82.5271,76.55,30,0,4.05,clear sky
375,Henties Bay,NA,-22.116,14.2845,57.29,89,80,6.24,broken clouds
376,Clyde River,CA,70.4692,-68.5914,25.03,86,75,3.44,broken clouds
377,Hami,CN,42.8,93.45,51.89,39,0,6.04,clear sky
378,Markha,RU,62.1053,129.7269,30.16,93,75,0.0,broken clouds
379,Muyezerskiy,RU,63.9333,31.65,45.48,94,100,8.25,overcast clouds
380,Concordia,AR,-31.393,-58.0209,68.07,43,0,7.0,clear sky
381,Gayny,RU,60.3071,54.3241,44.01,97,100,4.27,light rain
382,Colwyn Bay,GB,53.2948,-3.7267,51.75,3,41,5.01,scattered clouds
383,Grand Gaube,MU,-20.0064,57.6608,72.0,63,8,5.99,clear sky
384,Biltine,TD,14.5333,20.9167,85.32,20,16,6.53,few clouds
385,Tiarei,PF,-17.5333,-149.3333,84.22,78,3,7.02,light rain
386,Lapeer,US,43.0514,-83.3188,58.05,17,40,9.22,scattered clouds
387,Conde,BR,-7.2597,-34.9075,78.26,73,0,11.5,clear sky
388,Juneau,US,58.3019,-134.4197,46.22,97,100,4.61,overcast clouds
389,Port Macquarie,AU,-31.4333,152.9167,62.89,61,0,6.98,clear sky
390,Changde,CN,29.0464,111.6783,59.72,59,1,3.04,clear sky
391,Kula,TR,38.5473,28.6498,57.47,81,100,1.52,overcast clouds
392,Chimbote,PE,-9.0853,-78.5783,64.69,73,7,11.36,clear sky
393,Sonoita,MX,31.85,-112.8333,89.13,28,97,11.74,overcast clouds
394,Rio Grande,BR,-32.035,-52.0986,60.91,61,16,16.53,few clouds
395,Dudinka,RU,69.4058,86.1778,36.63,98,100,13.09,light rain
396,Nioki,CD,-2.7167,17.6833,73.0,93,100,2.3,light rain
397,Bahjoi,IN,28.4,78.6167,71.1,71,0,2.04,clear sky
398,Kemin,KG,42.7846,75.6892,56.75,19,100,5.41,overcast clouds
399,Bethel,US,41.3712,-73.414,66.29,64,20,8.05,few clouds
400,Iwaki,JP,37.05,140.8833,62.02,94,99,4.83,overcast clouds
401,Kampong Thum,KH,12.7111,104.8887,69.8,83,100,10.13,overcast clouds
402,Maniitsoq,GL,65.4167,-52.9,28.18,60,97,7.9,overcast clouds
403,Norman Wells,CA,65.282,-126.8329,26.64,68,20,2.3,few clouds
404,Alice Springs,AU,-23.7,133.8833,56.75,47,45,8.05,scattered clouds
405,San Carlos De Bariloche,AR,-41.1456,-71.3082,64.15,19,0,10.36,clear sky
406,Seydi,TM,39.4816,62.9137,65.68,25,89,9.51,overcast clouds
407,Mata,PT,40.683,-7.4592,61.72,73,8,2.95,clear sky
408,Huarmey,PE,-10.0681,-78.1522,66.49,71,2,11.25,clear sky
409,Coquimbo,CL,-29.9533,-71.3436,58.73,82,0,13.8,clear sky
410,Pangkalanbuun,ID,-2.6833,111.6167,73.9,95,100,0.49,light rain
411,Lubango,AO,-14.9172,13.4925,64.99,65,61,3.51,broken clouds
412,La Romana,DO,18.4273,-68.9728,86.36,70,20,9.22,few clouds
413,Mount Gambier,AU,-37.8333,140.7667,49.66,88,99,5.39,overcast clouds
414,Jurado,CO,7.1053,-77.7641,77.88,89,90,5.39,overcast clouds
415,Coos Bay,US,43.3665,-124.2179,79.0,62,0,14.97,clear sky
416,High Rock,BS,26.6208,-78.2833,84.22,70,99,10.09,overcast clouds
417,Vuktyl,RU,63.8567,57.3094,40.15,90,100,4.94,overcast clouds
418,Half Moon Bay,US,37.4636,-122.4286,79.41,76,100,11.5,overcast clouds
419,Khairagarh,IN,26.95,77.8167,73.26,58,0,2.75,clear sky
420,Cubuk,TR,40.2386,33.0322,54.86,62,75,3.44,broken clouds
421,Koroni,GR,36.8,21.95,64.08,81,100,10.25,overcast clouds
422,Labuhan,ID,-6.8844,112.2051,78.19,84,100,7.07,light rain
423,Chiang Khong,TH,20.2613,100.4046,67.28,85,99,2.64,overcast clouds
424,Ostersund,SE,63.1792,14.6357,43.25,87,100,12.66,overcast clouds
425,Sept-Iles,CA,50.2001,-66.3821,48.72,96,100,21.85,overcast clouds
426,Portland,US,45.5234,-122.6762,84.99,43,20,7.0,smoke
427,Tuatapere,NZ,-46.1333,167.6833,53.87,50,0,3.56,clear sky
428,Aksha,RU,50.2814,113.2867,29.32,68,10,14.99,clear sky
429,Burgeo,CA,47.6167,-57.6152,54.41,88,99,5.99,overcast clouds
430,Syamzha,RU,60.0158,41.0614,38.73,92,99,3.67,overcast clouds
431,Neftcala,AZ,39.3742,49.2472,68.7,68,71,3.87,broken clouds
432,Broome,US,42.2506,-75.833,63.09,48,20,4.61,few clouds
433,Archidona,ES,37.0965,-4.3887,62.91,52,0,4.18,clear sky
434,Calvinia,ZA,-31.4707,19.776,66.09,25,96,4.61,overcast clouds
435,Natal,BR,-5.795,-35.2094,79.45,73,0,11.5,clear sky
436,Salta,AR,-24.7859,-65.4117,68.59,45,40,18.41,scattered clouds
437,Presidencia Roque Saenz Pena,AR,-26.7852,-60.4388,84.09,28,1,10.74,clear sky
438,Mgachi,RU,51.05,142.2667,41.27,88,100,4.83,overcast clouds
439,Saint-Martin-De-Crau,FR,43.6395,4.8127,65.98,82,0,5.75,clear sky
440,Oussouye,SN,12.485,-16.5469,80.69,81,94,6.62,overcast clouds
441,Swiecie,PL,53.4095,18.4474,57.6,88,22,1.99,few clouds
442,Koutsouras,GR,35.0339,25.9469,70.11,69,94,5.53,overcast clouds
443,Kitob,UZ,39.0843,66.8332,64.76,20,67,3.27,broken clouds
444,Narasannapeta,IN,18.4167,84.05,76.37,89,76,6.85,broken clouds
445,Caravelas,BR,-17.7125,-39.2481,74.88,77,4,6.46,clear sky
446,Boddam,GB,57.4667,-1.7833,39.58,77,29,7.74,scattered clouds
447,Karratha,AU,-20.7377,116.8463,68.99,46,3,8.88,clear sky
448,Ostrovnoy,RU,68.0531,39.5131,43.16,97,100,3.53,light rain
449,Yangjiang,CN,21.85,111.9667,68.49,56,82,6.78,broken clouds
450,Nome,US,64.5011,-165.4064,34.16,60,0,12.66,clear sky
451,Broken Hill,AU,-31.95,141.4333,53.19,68,0,7.34,clear sky
452,Sinnamary,GF,5.3833,-52.95,81.28,81,54,11.81,broken clouds
453,Quatre Cocos,MU,-20.2078,57.7625,71.71,67,21,15.3,few clouds
454,Grajau,BR,-5.8194,-46.1386,92.07,33,39,6.87,scattered clouds
455,Lompoc,US,34.6391,-120.4579,78.01,82,100,10.36,mist
456,Kodinsk,RU,58.6881,99.1844,28.2,93,59,2.84,broken clouds
457,Axim,GH,4.8699,-2.2405,77.11,86,78,8.63,light rain
458,Ambilobe,MG,-13.2,49.05,72.68,64,75,5.21,broken clouds
459,Port Shepstone,ZA,-30.7414,30.455,69.1,82,100,11.25,light rain
460,La Orilla,MX,17.9833,-102.2333,83.71,78,98,4.85,light rain
461,Palu,ID,-0.8917,119.8707,75.04,94,95,3.24,moderate rain
462,Kuusamo,FI,65.9667,29.1833,42.84,100,100,4.61,overcast clouds
463,Achalpur,IN,21.2572,77.5086,68.72,68,0,7.7,clear sky
464,Uchiza,PE,-8.4592,-76.4633,77.09,93,99,0.63,overcast clouds
465,Muromtsevo,RU,56.3724,75.2418,38.75,67,96,8.68,overcast clouds
466,Kitale,KE,1.0157,35.0062,58.46,76,100,1.39,overcast clouds
467,Mashhad,IR,36.297,59.6062,59.14,36,0,4.61,clear sky
468,Roald,NO,62.5833,6.1333,51.33,71,20,9.22,few clouds
469,Salalah,OM,17.0151,54.0924,77.09,88,40,5.75,scattered clouds
470,Sassandra,CI,4.95,-6.0833,74.84,93,97,7.02,light rain
471,Les Cayes,HT,18.2,-73.75,83.55,70,60,8.21,broken clouds
472,Ordzhonikidze,KZ,52.4411,61.7408,46.69,73,100,7.49,overcast clouds
473,Kholm,RU,59.2667,32.85,42.3,90,100,6.82,overcast clouds
474,Faya,SA,18.3851,42.4509,59.52,49,7,3.69,clear sky
475,Peruibe,BR,-24.32,-46.9983,68.72,96,100,6.64,overcast clouds
476,Gizo,SB,-8.103,156.8419,82.36,76,100,9.04,overcast clouds
477,Santa Fe,AR,-31.6333,-60.7,59.47,71,100,10.36,moderate rain
478,Pasighat,IN,28.0667,95.3333,70.54,93,1,3.11,clear sky
479,Raton,US,36.9034,-104.4391,76.05,23,0,2.91,clear sky
480,Spanaway,US,47.104,-122.4346,76.73,47,0,10.36,clear sky
481,Sidhi,IN,24.4167,81.8833,69.13,67,2,1.9,clear sky
482,Pochutla,MX,15.7432,-96.4661,87.82,71,94,5.41,light rain
483,Nouakchott,MR,18.0858,-15.9785,80.53,69,1,14.97,clear sky
484,Taltal,CL,-25.4,-70.4833,60.19,74,24,2.91,few clouds
485,Windhoek,NA,-22.5594,17.0832,77.11,27,88,2.3,overcast clouds
486,Padang,ID,-0.9492,100.3543,76.1,86,100,2.35,overcast clouds
487,Killybegs,IE,54.6333,-8.45,49.1,79,79,15.61,moderate rain
488,Peniche,PT,39.3558,-9.3811,64.08,91,9,11.88,clear sky
489,Homer,US,59.6425,-151.5483,48.09,57,0,13.0,clear sky
490,Vzmorye,RU,54.6961,20.2361,50.09,87,35,8.01,light rain
491,Bonfim,BR,3.0833,-59.95,86.56,62,77,7.85,heavy intensity rain
492,Tilichiki,RU,60.4667,166.1,29.64,96,100,3.49,overcast clouds
493,Palembang,ID,-2.9167,104.7458,77.09,94,40,2.3,scattered clouds
494,Esmeraldas,BR,-19.7625,-44.3139,81.46,33,18,4.52,few clouds
495,Manitouwadge,CA,49.1215,-85.8403,40.14,86,100,8.66,overcast clouds
496,Bollnas,SE,61.3482,16.3946,42.66,95,95,4.94,overcast clouds
497,Honningsvag,NO,70.9821,25.9704,42.55,87,40,10.36,scattered clouds
498,Keningau,MY,5.3378,116.1602,70.9,94,76,0.6,broken clouds
499,Upington,ZA,-28.4478,21.2561,75.58,15,82,4.61,broken clouds
500,Xuddur,SO,4.1213,43.8894,72.34,80,48,13.2,scattered clouds
501,Southampton,GB,50.904,-1.4043,54.86,95,40,0.0,fog
502,Makakilo City,US,21.3469,-158.0858,85.44,60,20,9.22,few clouds
503,Petropavlovsk-Kamchatskiy,RU,53.0452,158.6483,32.59,86,20,6.71,few clouds
504,Kalianget,ID,-7.05,113.9333,80.87,77,91,6.22,overcast clouds
505,Bilibino,RU,68.0546,166.4372,-2.65,98,99,1.77,overcast clouds
506,Tambov,RU,52.7317,41.4339,36.91,72,77,5.06,broken clouds
507,South Shields,GB,54.9986,-1.4323,44.71,88,0,2.3,clear sky
508,Naryan-Mar,RU,67.6713,53.087,38.77,90,100,7.76,overcast clouds
509,Polson,US,47.6936,-114.1632,68.22,56,49,1.77,scattered clouds
510,Valdivia,CL,-39.8142,-73.2459,68.09,58,35,3.56,scattered clouds
511,Saint George,US,37.1041,-113.5841,86.95,15,0,4.0,clear sky
512,Hovd,MN,48.0056,91.6419,27.27,52,7,1.5,clear sky
513,Ossora,RU,59.2353,163.0719,36.1,78,100,2.42,overcast clouds
514,Nyrob,RU,60.733,56.7202,44.38,92,100,1.57,overcast clouds
515,Jiexiu,CN,37.0244,111.9125,55.9,51,89,0.89,overcast clouds
516,Guerrero Negro,MX,27.9769,-114.0611,71.96,65,85,13.73,overcast clouds
517,Andenes,NO,69.3143,16.1194,42.78,65,0,16.11,clear sky
518,Mabaruma,GY,8.2,-59.7833,74.48,97,100,3.47,moderate rain
519,Rotifunk,SL,8.2333,-12.6833,73.9,95,91,0.16,overcast clouds
520,Diplo,PK,24.4667,69.584,80.42,31,0,9.31,clear sky
521,Amuntai,ID,-2.4177,115.2494,73.22,99,98,0.65,overcast clouds
522,Nha Trang,VN,12.25,109.1833,71.6,87,52,4.27,broken clouds
523,Leiyang,CN,26.4024,112.8591,57.02,58,1,1.95,clear sky
524,Poum,NC,-20.2333,164.0167,73.98,64,30,8.41,scattered clouds
525,Praia Da Vitoria,PT,38.7333,-27.0667,69.76,94,75,15.08,broken clouds
526,Kitimat,CA,54.0524,-128.6534,57.9,24,100,1.7,overcast clouds
527,Sagone,FR,42.1155,8.6969,66.67,81,13,5.86,few clouds
528,Battipaglia,IT,40.6109,14.9852,61.99,73,15,5.86,few clouds
529,Diphu,IN,25.8333,93.4333,71.24,99,66,0.98,broken clouds
530,Port Hawkesbury,CA,45.6169,-61.3485,59.59,89,100,12.66,overcast clouds
531,Chernyshevskiy,RU,63.0128,112.4714,26.82,76,96,3.2,overcast clouds
532,Tabas,IR,33.5959,56.9244,72.7,15,0,1.79,clear sky
533,Yerbogachen,RU,61.2767,108.0108,25.99,90,15,3.11,few clouds
534,Tonkino,RU,57.3726,46.4629,34.83,89,61,5.91,broken clouds
535,Palimbang,PH,6.2106,124.1894,78.57,78,83,6.69,broken clouds
536,Paita,PE,-5.0892,-81.1144,65.68,76,7,19.28,clear sky
537,Tobetsu,JP,43.2169,141.5169,59.09,89,100,9.13,overcast clouds
538,Galeana,MX,24.8333,-100.0667,70.02,58,49,7.74,scattered clouds
539,Qostanay,KZ,53.1667,63.5833,41.29,87,0,6.71,clear sky
540,Lima,PE,-12.0432,-77.0282,61.05,67,0,18.41,clear sky
541,Tateyama,JP,34.9833,139.8667,69.1,84,97,18.05,overcast clouds
542,Balkhash,KZ,46.844,74.9804,51.96,42,90,6.22,overcast clouds
543,Nianzishan,CN,47.5167,122.8833,40.46,47,24,7.14,few clouds
544,Preston,GB,53.7667,-2.7167,52.32,95,70,5.59,broken clouds
545,Caboolture,AU,-27.0833,152.95,71.38,47,0,3.62,clear sky
546,Andra,RU,62.5147,65.8878,39.92,83,100,7.0,overcast clouds
547,Itaobim,BR,-16.5667,-41.8333,81.0,49,35,10.02,scattered clouds
548,Bikaner,IN,28.0167,73.3,77.2,25,0,9.91,clear sky
549,Balaipungut,ID,1.05,101.2833,73.26,98,99,2.59,overcast clouds
550,Bowen,AU,-20.0167,148.2333,75.72,78,15,7.67,few clouds
551,Vaitape,PF,-16.5167,-151.75,79.25,71,14,10.38,few clouds
552,Myaundzha,RU,63.0494,147.1858,4.66,97,100,2.46,overcast clouds
553,Trebinje,BA,42.7119,18.3442,57.56,77,0,2.3,clear sky
554,Cabedelo,BR,-6.9811,-34.8339,79.47,75,8,14.52,clear sky
555,Katobu,ID,-4.9408,122.5276,75.49,92,99,1.7,overcast clouds
556,Bangolo,CI,7.0069,-7.475,69.87,99,38,2.04,moderate rain
557,Churapcha,RU,62.0025,132.4325,27.09,97,100,1.59,overcast clouds
558,Lao Cai,VN,22.4833,103.95,67.3,80,90,1.43,overcast clouds
559,Sao Sebastiao,BR,-23.76,-45.4097,71.24,94,92,7.47,overcast clouds
560,Sala Consilina,IT,40.3912,15.5989,53.29,85,53,3.53,broken clouds
561,Buraydah,SA,26.326,43.975,73.85,19,0,11.05,clear sky
